id,name,description,image,animation_url,external_url,edition,target,focus,power_rating,occurrence,country,rarity,card_group_lookup,created_date,human_impact,geocords,event_id,color_rarity_hex,color_bkgd_hex,color_card_hex,blog_post,location_name,map,travel_points,youtube_url,image_html,animation_html,special_image_html,token_quantity,price_in_usd,price_in_eth
1,#1  Common Cover (G24),"Buy an NFT to sponsor a completed project and help Give Basic Needs do more! Your purchase will help trigger a cascade of kindness, funding three new projects. Support our mission to make the world a happier place for all. ðŸ’ŸðŸ’ŸðŸ’Ÿ",ipfs://bafybeihe4owqivc2wo2uyijrplvxb6gxrghw42rtt73ty6lknajrssbjvi/1.png,ipfs://bafybeihe4owqivc2wo2uyijrplvxb6gxrghw42rtt73ty6lknajrssbjvi/1.mp4,https://bafybeidm4idxgesr6pj5w23lq75qdnad7xvsxpilzmawzibedig6yzzx3y.ipfs.dweb.link/1.html,G24,Cover,Cover,0,1 of 6850,Planet Earth,Common,Cover C-1,21-Oct-2023,9960,"0.000000, 0.000000",0,#04AC5B,#FFFFFF,#FFFFFF,https://givebasicneeds.org/giving-events,Planet Earth,"https://www.google.com/maps/place/0%C2%B000'00.0%22N+0%C2%B000'00.0%22E/@-0.0001191,-21.0936986,4z",0,https://www.youtube.com/@GiveBasicNeeds/videos,https://bafybeihe4owqivc2wo2uyijrplvxb6gxrghw42rtt73ty6lknajrssbjvi.ipfs.dweb.link/1.png,https://bafybeihe4owqivc2wo2uyijrplvxb6gxrghw42rtt73ty6lknajrssbjvi.ipfs.dweb.link/1.mp4,Image not available for this token.,6850,0,0
2,#2  Super Rare Borehole (G24),"Owning a Give Basic Needs NFT is more than just a transaction. It's a heartfelt gesture that helps us make the world a better place, one NFT at a time. By sponsoring a completed project like this one in Sampemo, Ghana (9.70669,-0.31414), you enable us to allocate funds to launch a new initiative, effectively creating a ripple effect of kindness. Your single action multiplies into a sequence of projects that touch lives worldwide! Thank you for your continued support. ðŸ’ŸðŸ’ŸðŸ’Ÿ",ipfs://bafybeihe4owqivc2wo2uyijrplvxb6gxrghw42rtt73ty6lknajrssbjvi/2.png,ipfs://bafybeihe4owqivc2wo2uyijrplvxb6gxrghw42rtt73ty6lknajrssbjvi/2.mp4,https://bafybeidm4idxgesr6pj5w23lq75qdnad7xvsxpilzmawzibedig6yzzx3y.ipfs.dweb.link/2.html,G24,Food,Borehole,92,1 of 2,Ghana,Super Rare,Borehole F-4,21-Oct-2023,600,"9.70669,-0.31414",0,#FFD633,#FFFFFF,#D3DDE1,https://givebasicneeds.org/events/borehole-project-4,"Sampemo, Ghana","https://www.google.com/maps/search/?q=near9.70669,-0.31414,&ll=9.70669,-0.31414&z=17&t=h",2227,https://youtu.be/u488gzjm6YQ,https://bafybeihe4owqivc2wo2uyijrplvxb6gxrghw42rtt73ty6lknajrssbjvi.ipfs.dweb.link/2.png,https://bafybeihe4owqivc2wo2uyijrplvxb6gxrghw42rtt73ty6lknajrssbjvi.ipfs.dweb.link/2.mp4,https://bafybeihe4owqivc2wo2uyijrplvxb6gxrghw42rtt73ty6lknajrssbjvi.ipfs.dweb.link/F-4-AB631.jpg,2,2227,1.368356375
3,#3  Rare Borehole (G24),"Owning a Give Basic Needs NFT is more than just a transaction. It's a heartfelt gesture that helps us make the world a better place, one NFT at a time. By sponsoring a completed project like this one in Sampemo, Ghana (9.70669,-0.31414), you enable us to allocate funds to launch a new initiative, effectively creating a ripple effect of kindness. Your single action multiplies into a sequence of projects that touch lives worldwide! Thank you for your continued support. ðŸ’ŸðŸ’ŸðŸ’Ÿ",ipfs://bafybeihe4owqivc2wo2uyijrplvxb6gxrghw42rtt73ty6lknajrssbjvi/3.png,ipfs://bafybeihe4owqivc2wo2uyijrplvxb6gxrghw42rtt73ty6lknajrssbjvi/3.mp4,https://bafybeidm4idxgesr6pj5w23lq75qdnad7xvsxpilzmawzibedig6yzzx3y.ipfs.dweb.link/3.html,G24,Food,Borehole,82,1 of 26,Ghana,Rare,Borehole F-4,21-Oct-2023,600,"9.70669,-0.31414",0,#6D41C4,#FFFFFF,#D3DDE1,https://givebasicneeds.org/events/borehole-project-4,"Sampemo, Ghana","https://www.google.com/maps/search/?q=near9.70669,-0.31414,&ll=9.70669,-0.31414&z=17&t=h",112,https://youtu.be/u488gzjm6YQ,https://bafybeihe4owqivc2wo2uyijrplvxb6gxrghw42rtt73ty6lknajrssbjvi.ipfs.dweb.link/3.png,https://bafybeihe4owqivc2wo2uyijrplvxb6gxrghw42rtt73ty6lknajrssbjvi.ipfs.dweb.link/3.mp4,https://bafybeihe4owqivc2wo2uyijrplvxb6gxrghw42rtt73ty6lknajrssbjvi.ipfs.dweb.link/F-4-AB631.jpg,26,112,0.0688172043
4,#4  Uncommon Borehole (G24),"Owning a Give Basic Needs NFT is more than just a transaction. It's a heartfelt gesture that helps us make the world a better place, one NFT at a time. By sponsoring a completed project like this one in Sampemo, Ghana (9.70669,-0.31414), you enable us to allocate funds to launch a new initiative, effectively creating a ripple effect of kindness. Your single action multiplies into a sequence of projects that touch lives worldwide! Thank you for your continued support. ðŸ’ŸðŸ’ŸðŸ’Ÿ",ipfs://bafybeihe4owqivc2wo2uyijrplvxb6gxrghw42rtt73ty6lknajrssbjvi/4.png,ipfs://bafybeihe4owqivc2wo2uyijrplvxb6gxrghw42rtt73ty6lknajrssbjvi/4.mp4,https://bafybeidm4idxgesr6pj5w23lq75qdnad7xvsxpilzmawzibedig6yzzx3y.ipfs.dweb.link/4.html,G24,Food,Borehole,72,1 of 101,Ghana,Uncommon,Borehole F-4,21-Oct-2023,600,"9.70669,-0.31414",0,#2C51FF,#FFFFFF,#D3DDE1,https://givebasicneeds.org/events/borehole-project-4,"Sampemo, Ghana","https://www.google.com/maps/search/?q=near9.70669,-0.31414,&ll=9.70669,-0.31414&z=17&t=h",28,https://youtu.be/u488gzjm6YQ,https://bafybeihe4owqivc2wo2uyijrplvxb6gxrghw42rtt73ty6lknajrssbjvi.ipfs.dweb.link/4.png,https://bafybeihe4owqivc2wo2uyijrplvxb6gxrghw42rtt73ty6lknajrssbjvi.ipfs.dweb.link/4.mp4,https://bafybeihe4owqivc2wo2uyijrplvxb6gxrghw42rtt73ty6lknajrssbjvi.ipfs.dweb.link/F-4-AB631.jpg,101,28,0.01720430108
5,#5  Common Borehole (G24),"Owning a Give Basic Needs NFT is more than just a transaction. It's a heartfelt gesture that helps us make the world a better place, one NFT at a time. By sponsoring a completed project like this one in Sampemo, Ghana (9.70669,-0.31414), you enable us to allocate funds to launch a new initiative, effectively creating a ripple effect of kindness. Your single action multiplies into a sequence of projects that touch lives worldwide! Thank you for your continued support. ðŸ’ŸðŸ’ŸðŸ’Ÿ",ipfs://bafybeihe4owqivc2wo2uyijrplvxb6gxrghw42rtt73ty6lknajrssbjvi/5.png,ipfs://bafybeihe4owqivc2wo2uyijrplvxb6gxrghw42rtt73ty6lknajrssbjvi/5.mp4,https://bafybeidm4idxgesr6pj5w23lq75qdnad7xvsxpilzmawzibedig6yzzx3y.ipfs.dweb.link/5.html,G24,Food,Borehole,62,1 of 301,Ghana,Common,Borehole F-4,21-Oct-2023,600,"9.70669,-0.31414",0,#04AC5B,#FFFFFF,#D3DDE1,https://givebasicneeds.org/events/borehole-project-4,"Sampemo, Ghana","https://www.google.com/maps/search/?q=near9.70669,-0.31414,&ll=9.70669,-0.31414&z=17&t=h",6,https://youtu.be/u488gzjm6YQ,https://bafybeihe4owqivc2wo2uyijrplvxb6gxrghw42rtt73ty6lknajrssbjvi.ipfs.dweb.link/5.png,https://bafybeihe4owqivc2wo2uyijrplvxb6gxrghw42rtt73ty6lknajrssbjvi.ipfs.dweb.link/5.mp4,https://bafybeihe4owqivc2wo2uyijrplvxb6gxrghw42rtt73ty6lknajrssbjvi.ipfs.dweb.link/F-4-AB631.jpg,301,6,0.003686635945
6,#6  Super Rare Medical Clinic (G24),"Owning a Give Basic Needs NFT is more than just a transaction. It's a heartfelt gesture that helps us make the world a better place, one NFT at a time. By sponsoring a completed project like this one in Gushegu, Ghana (9.4388,-0.85108), you enable us to allocate funds to launch a new initiative, effectively creating a ripple effect of kindness. Your single action multiplies into a sequence of projects that touch lives worldwide! Thank you for your continued support. ðŸ’ŸðŸ’ŸðŸ’Ÿ",ipfs://bafybeihe4owqivc2wo2uyijrplvxb6gxrghw42rtt73ty6lknajrssbjvi/6.png,ipfs://bafybeihe4owqivc2wo2uyijrplvxb6gxrghw42rtt73ty6lknajrssbjvi/6.mp4,https://bafybeidm4idxgesr6pj5w23lq75qdnad7xvsxpilzmawzibedig6yzzx3y.ipfs.dweb.link/6.html,G24,Medical,Medical Clinic,146,1 of 2,Ghana,Super Rare,Medical Clinic M-3,21-Oct-2023,800,"9.4388,-0.85108",36,#FFD633,#FFFFFF,#DE3030,https://givebasicneeds.org/events/giving-event-36,"Gushegu, Ghana","https://www.google.com/maps/search/?q=near9.4388,-0.85108,&ll=9.4388,-0.85108&z=17&t=h",3130,https://youtu.be/7s0mzKOEGoA,https://bafybeihe4owqivc2wo2uyijrplvxb6gxrghw42rtt73ty6lknajrssbjvi.ipfs.dweb.link/6.png,https://bafybeihe4owqivc2wo2uyijrplvxb6gxrghw42rtt73ty6lknajrssbjvi.ipfs.dweb.link/6.mp4,https://bafybeihe4owqivc2wo2uyijrplvxb6gxrghw42rtt73ty6lknajrssbjvi.ipfs.dweb.link/M-3-A4DA0.jpg,2,3130,1.923195084
7,#7  Rare Medical Clinic (G24),"Owning a Give Basic Needs NFT is more than just a transaction. It's a heartfelt gesture that helps us make the world a better place, one NFT at a time. By sponsoring a completed project like this one in Gushegu, Ghana (9.4388,-0.85108), you enable us to allocate funds to launch a new initiative, effectively creating a ripple effect of kindness. Your single action multiplies into a sequence of projects that touch lives worldwide! Thank you for your continued support. ðŸ’ŸðŸ’ŸðŸ’Ÿ",ipfs://bafybeihe4owqivc2wo2uyijrplvxb6gxrghw42rtt73ty6lknajrssbjvi/7.png,ipfs://bafybeihe4owqivc2wo2uyijrplvxb6gxrghw42rtt73ty6lknajrssbjvi/7.mp4,https://bafybeidm4idxgesr6pj5w23lq75qdnad7xvsxpilzmawzibedig6yzzx3y.ipfs.dweb.link/7.html,G24,Medical,Medical Clinic,136,1 of 26,Ghana,Rare,Medical Clinic M-3,21-Oct-2023,800,"9.4388,-0.85108",36,#6D41C4,#FFFFFF,#DE3030,https://givebasicneeds.org/events/giving-event-36,"Gushegu, Ghana","https://www.google.com/maps/search/?q=near9.4388,-0.85108,&ll=9.4388,-0.85108&z=17&t=h",157,https://youtu.be/7s0mzKOEGoA,https://bafybeihe4owqivc2wo2uyijrplvxb6gxrghw42rtt73ty6lknajrssbjvi.ipfs.dweb.link/7.png,https://bafybeihe4owqivc2wo2uyijrplvxb6gxrghw42rtt73ty6lknajrssbjvi.ipfs.dweb.link/7.mp4,https://bafybeihe4owqivc2wo2uyijrplvxb6gxrghw42rtt73ty6lknajrssbjvi.ipfs.dweb.link/M-3-A4DA0.jpg,26,157,0.09646697389
8,#8  Uncommon Medical Clinic (G24),"Owning a Give Basic Needs NFT is more than just a transaction. It's a heartfelt gesture that helps us make the world a better place, one NFT at a time. By sponsoring a completed project like this one in Gushegu, Ghana (9.4388,-0.85108), you enable us to allocate funds to launch a new initiative, effectively creating a ripple effect of kindness. Your single action multiplies into a sequence of projects that touch lives worldwide! Thank you for your continued support. ðŸ’ŸðŸ’ŸðŸ’Ÿ",ipfs://bafybeihe4owqivc2wo2uyijrplvxb6gxrghw42rtt73ty6lknajrssbjvi/8.png,ipfs://bafybeihe4owqivc2wo2uyijrplvxb6gxrghw42rtt73ty6lknajrssbjvi/8.mp4,https://bafybeidm4idxgesr6pj5w23lq75qdnad7xvsxpilzmawzibedig6yzzx3y.ipfs.dweb.link/8.html,G24,Medical,Medical Clinic,126,1 of 101,Ghana,Uncommon,Medical Clinic M-3,21-Oct-2023,800,"9.4388,-0.85108",36,#2C51FF,#FFFFFF,#DE3030,https://givebasicneeds.org/events/giving-event-36,"Gushegu, Ghana","https://www.google.com/maps/search/?q=near9.4388,-0.85108,&ll=9.4388,-0.85108&z=17&t=h",40,https://youtu.be/7s0mzKOEGoA,https://bafybeihe4owqivc2wo2uyijrplvxb6gxrghw42rtt73ty6lknajrssbjvi.ipfs.dweb.link/8.png,https://bafybeihe4owqivc2wo2uyijrplvxb6gxrghw42rtt73ty6lknajrssbjvi.ipfs.dweb.link/8.mp4,https://bafybeihe4owqivc2wo2uyijrplvxb6gxrghw42rtt73ty6lknajrssbjvi.ipfs.dweb.link/M-3-A4DA0.jpg,101,40,0.02457757296
9,#9  Common Medical Clinic (G24),"Owning a Give Basic Needs NFT is more than just a transaction. It's a heartfelt gesture that helps us make the world a better place, one NFT at a time. By sponsoring a completed project like this one in Gushegu, Ghana (9.4388,-0.85108), you enable us to allocate funds to launch a new initiative, effectively creating a ripple effect of kindness. Your single action multiplies into a sequence of projects that touch lives worldwide! Thank you for your continued support. ðŸ’ŸðŸ’ŸðŸ’Ÿ",ipfs://bafybeihe4owqivc2wo2uyijrplvxb6gxrghw42rtt73ty6lknajrssbjvi/9.png,ipfs://bafybeihe4owqivc2wo2uyijrplvxb6gxrghw42rtt73ty6lknajrssbjvi/9.mp4,https://bafybeidm4idxgesr6pj5w23lq75qdnad7xvsxpilzmawzibedig6yzzx3y.ipfs.dweb.link/9.html,G24,Medical,Medical Clinic,116,1 of 301,Ghana,Common,Medical Clinic M-3,21-Oct-2023,800,"9.4388,-0.85108",36,#04AC5B,#FFFFFF,#DE3030,https://givebasicneeds.org/events/giving-event-36,"Gushegu, Ghana","https://www.google.com/maps/search/?q=near9.4388,-0.85108,&ll=9.4388,-0.85108&z=17&t=h",8,https://youtu.be/7s0mzKOEGoA,https://bafybeihe4owqivc2wo2uyijrplvxb6gxrghw42rtt73ty6lknajrssbjvi.ipfs.dweb.link/9.png,https://bafybeihe4owqivc2wo2uyijrplvxb6gxrghw42rtt73ty6lknajrssbjvi.ipfs.dweb.link/9.mp4,https://bafybeihe4owqivc2wo2uyijrplvxb6gxrghw42rtt73ty6lknajrssbjvi.ipfs.dweb.link/M-3-A4DA0.jpg,301,8,0.004915514593
10,#10  Super Rare Food Assistance (G24),"Owning a Give Basic Needs NFT is more than just a transaction. It's a heartfelt gesture that helps us make the world a better place, one NFT at a time. By sponsoring a completed project like this one in Galwei, Ghana (10.12172,-0.04679), you enable us to allocate funds to launch a new initiative, effectively creating a ripple effect of kindness. Your single action multiplies into a sequence of projects that touch lives worldwide! Thank you for your continued support. ðŸ’ŸðŸ’ŸðŸ’Ÿ",ipfs://bafybeihe4owqivc2wo2uyijrplvxb6gxrghw42rtt73ty6lknajrssbjvi/10.png,ipfs://bafybeihe4owqivc2wo2uyijrplvxb6gxrghw42rtt73ty6lknajrssbjvi/10.mp4,https://bafybeidm4idxgesr6pj5w23lq75qdnad7xvsxpilzmawzibedig6yzzx3y.ipfs.dweb.link/10.html,G24,Food,Food Assistance,94,1 of 2,Ghana,Super Rare,Food Assistance F-7,21-Oct-2023,560,"10.12172,-0.04679",31,#FFD633,#FFFFFF,#D3DDE1,https://givebasicneeds.org/events/giving-event-31,"Galwei, Ghana","https://www.google.com/maps/search/?q=near10.12172,-0.04679,&ll=10.12172,-0.04679&z=17&t=h",2440,https://youtu.be/cfVRIUk4zPU,https://bafybeihe4owqivc2wo2uyijrplvxb6gxrghw42rtt73ty6lknajrssbjvi.ipfs.dweb.link/10.png,https://bafybeihe4owqivc2wo2uyijrplvxb6gxrghw42rtt73ty6lknajrssbjvi.ipfs.dweb.link/10.mp4,https://bafybeihe4owqivc2wo2uyijrplvxb6gxrghw42rtt73ty6lknajrssbjvi.ipfs.dweb.link/F-7-1902D.jpg,2,2440,1.499231951
11,#11  Rare Food Assistance (G24),"Owning a Give Basic Needs NFT is more than just a transaction. It's a heartfelt gesture that helps us make the world a better place, one NFT at a time. By sponsoring a completed project like this one in Galwei, Ghana (10.12172,-0.04679), you enable us to allocate funds to launch a new initiative, effectively creating a ripple effect of kindness. Your single action multiplies into a sequence of projects that touch lives worldwide! Thank you for your continued support. ðŸ’ŸðŸ’ŸðŸ’Ÿ",ipfs://bafybeihe4owqivc2wo2uyijrplvxb6gxrghw42rtt73ty6lknajrssbjvi/11.png,ipfs://bafybeihe4owqivc2wo2uyijrplvxb6gxrghw42rtt73ty6lknajrssbjvi/11.mp4,https://bafybeidm4idxgesr6pj5w23lq75qdnad7xvsxpilzmawzibedig6yzzx3y.ipfs.dweb.link/11.html,G24,Food,Food Assistance,84,1 of 26,Ghana,Rare,Food Assistance F-7,21-Oct-2023,560,"10.12172,-0.04679",31,#6D41C4,#FFFFFF,#D3DDE1,https://givebasicneeds.org/events/giving-event-31,"Galwei, Ghana","https://www.google.com/maps/search/?q=near10.12172,-0.04679,&ll=10.12172,-0.04679&z=17&t=h",122,https://youtu.be/cfVRIUk4zPU,https://bafybeihe4owqivc2wo2uyijrplvxb6gxrghw42rtt73ty6lknajrssbjvi.ipfs.dweb.link/11.png,https://bafybeihe4owqivc2wo2uyijrplvxb6gxrghw42rtt73ty6lknajrssbjvi.ipfs.dweb.link/11.mp4,https://bafybeihe4owqivc2wo2uyijrplvxb6gxrghw42rtt73ty6lknajrssbjvi.ipfs.dweb.link/F-7-1902D.jpg,26,122,0.07496159754
12,#12  Uncommon Food Assistance (G24),"Owning a Give Basic Needs NFT is more than just a transaction. It's a heartfelt gesture that helps us make the world a better place, one NFT at a time. By sponsoring a completed project like this one in Galwei, Ghana (10.12172,-0.04679), you enable us to allocate funds to launch a new initiative, effectively creating a ripple effect of kindness. Your single action multiplies into a sequence of projects that touch lives worldwide! Thank you for your continued support. ðŸ’ŸðŸ’ŸðŸ’Ÿ",ipfs://bafybeihe4owqivc2wo2uyijrplvxb6gxrghw42rtt73ty6lknajrssbjvi/12.png,ipfs://bafybeihe4owqivc2wo2uyijrplvxb6gxrghw42rtt73ty6lknajrssbjvi/12.mp4,https://bafybeidm4idxgesr6pj5w23lq75qdnad7xvsxpilzmawzibedig6yzzx3y.ipfs.dweb.link/12.html,G24,Food,Food Assistance,74,1 of 101,Ghana,Uncommon,Food Assistance F-7,21-Oct-2023,560,"10.12172,-0.04679",31,#2C51FF,#FFFFFF,#D3DDE1,https://givebasicneeds.org/events/giving-event-31,"Galwei, Ghana","https://www.google.com/maps/search/?q=near10.12172,-0.04679,&ll=10.12172,-0.04679&z=17&t=h",31,https://youtu.be/cfVRIUk4zPU,https://bafybeihe4owqivc2wo2uyijrplvxb6gxrghw42rtt73ty6lknajrssbjvi.ipfs.dweb.link/12.png,https://bafybeihe4owqivc2wo2uyijrplvxb6gxrghw42rtt73ty6lknajrssbjvi.ipfs.dweb.link/12.mp4,https://bafybeihe4owqivc2wo2uyijrplvxb6gxrghw42rtt73ty6lknajrssbjvi.ipfs.dweb.link/F-7-1902D.jpg,101,31,0.01904761905
13,#13  Common Food Assistance (G24),"Owning a Give Basic Needs NFT is more than just a transaction. It's a heartfelt gesture that helps us make the world a better place, one NFT at a time. By sponsoring a completed project like this one in Galwei, Ghana (10.12172,-0.04679), you enable us to allocate funds to launch a new initiative, effectively creating a ripple effect of kindness. Your single action multiplies into a sequence of projects that touch lives worldwide! Thank you for your continued support. ðŸ’ŸðŸ’ŸðŸ’Ÿ",ipfs://bafybeihe4owqivc2wo2uyijrplvxb6gxrghw42rtt73ty6lknajrssbjvi/13.png,ipfs://bafybeihe4owqivc2wo2uyijrplvxb6gxrghw42rtt73ty6lknajrssbjvi/13.mp4,https://bafybeidm4idxgesr6pj5w23lq75qdnad7xvsxpilzmawzibedig6yzzx3y.ipfs.dweb.link/13.html,G24,Food,Food Assistance,64,1 of 301,Ghana,Common,Food Assistance F-7,21-Oct-2023,560,"10.12172,-0.04679",31,#04AC5B,#FFFFFF,#D3DDE1,https://givebasicneeds.org/events/giving-event-31,"Galwei, Ghana","https://www.google.com/maps/search/?q=near10.12172,-0.04679,&ll=10.12172,-0.04679&z=17&t=h",7,https://youtu.be/cfVRIUk4zPU,https://bafybeihe4owqivc2wo2uyijrplvxb6gxrghw42rtt73ty6lknajrssbjvi.ipfs.dweb.link/13.png,https://bafybeihe4owqivc2wo2uyijrplvxb6gxrghw42rtt73ty6lknajrssbjvi.ipfs.dweb.link/13.mp4,https://bafybeihe4owqivc2wo2uyijrplvxb6gxrghw42rtt73ty6lknajrssbjvi.ipfs.dweb.link/F-7-1902D.jpg,301,7,0.004301075269
14,#14  Super Rare Borehole (G24),"Owning a Give Basic Needs NFT is more than just a transaction. It's a heartfelt gesture that helps us make the world a better place, one NFT at a time. By sponsoring a completed project like this one in Nabule, Ghana (10.25641,0.04365), you enable us to allocate funds to launch a new initiative, effectively creating a ripple effect of kindness. Your single action multiplies into a sequence of projects that touch lives worldwide! Thank you for your continued support. ðŸ’ŸðŸ’ŸðŸ’Ÿ",ipfs://bafybeihe4owqivc2wo2uyijrplvxb6gxrghw42rtt73ty6lknajrssbjvi/14.png,ipfs://bafybeihe4owqivc2wo2uyijrplvxb6gxrghw42rtt73ty6lknajrssbjvi/14.mp4,https://bafybeidm4idxgesr6pj5w23lq75qdnad7xvsxpilzmawzibedig6yzzx3y.ipfs.dweb.link/14.html,G24,Food,Borehole,116,1 of 2,Ghana,Super Rare,Borehole F-2,21-Oct-2023,800,"10.25641,0.04365",0,#FFD633,#FFFFFF,#D3DDE1,https://givebasicneeds.org/events/borehole-project-2,"Nabule, Ghana","https://www.google.com/maps/search/?q=near10.25641,0.04365,&ll=10.25641,0.04365&z=17&t=h",2317,https://youtu.be/u488gzjm6YQ,https://bafybeihe4owqivc2wo2uyijrplvxb6gxrghw42rtt73ty6lknajrssbjvi.ipfs.dweb.link/14.png,https://bafybeihe4owqivc2wo2uyijrplvxb6gxrghw42rtt73ty6lknajrssbjvi.ipfs.dweb.link/14.mp4,https://bafybeihe4owqivc2wo2uyijrplvxb6gxrghw42rtt73ty6lknajrssbjvi.ipfs.dweb.link/F-2-FBC9E.jpg,2,2317,1.423655914
15,#15  Rare Borehole (G24),"Owning a Give Basic Needs NFT is more than just a transaction. It's a heartfelt gesture that helps us make the world a better place, one NFT at a time. By sponsoring a completed project like this one in Nabule, Ghana (10.25641,0.04365), you enable us to allocate funds to launch a new initiative, effectively creating a ripple effect of kindness. Your single action multiplies into a sequence of projects that touch lives worldwide! Thank you for your continued support. ðŸ’ŸðŸ’ŸðŸ’Ÿ",ipfs://bafybeihe4owqivc2wo2uyijrplvxb6gxrghw42rtt73ty6lknajrssbjvi/15.png,ipfs://bafybeihe4owqivc2wo2uyijrplvxb6gxrghw42rtt73ty6lknajrssbjvi/15.mp4,https://bafybeidm4idxgesr6pj5w23lq75qdnad7xvsxpilzmawzibedig6yzzx3y.ipfs.dweb.link/15.html,G24,Food,Borehole,106,1 of 26,Ghana,Rare,Borehole F-2,21-Oct-2023,800,"10.25641,0.04365",0,#6D41C4,#FFFFFF,#D3DDE1,https://givebasicneeds.org/events/borehole-project-2,"Nabule, Ghana","https://www.google.com/maps/search/?q=near10.25641,0.04365,&ll=10.25641,0.04365&z=17&t=h",116,https://youtu.be/u488gzjm6YQ,https://bafybeihe4owqivc2wo2uyijrplvxb6gxrghw42rtt73ty6lknajrssbjvi.ipfs.dweb.link/15.png,https://bafybeihe4owqivc2wo2uyijrplvxb6gxrghw42rtt73ty6lknajrssbjvi.ipfs.dweb.link/15.mp4,https://bafybeihe4owqivc2wo2uyijrplvxb6gxrghw42rtt73ty6lknajrssbjvi.ipfs.dweb.link/F-2-FBC9E.jpg,26,116,0.0712749616
16,#16  Uncommon Borehole (G24),"Owning a Give Basic Needs NFT is more than just a transaction. It's a heartfelt gesture that helps us make the world a better place, one NFT at a time. By sponsoring a completed project like this one in Nabule, Ghana (10.25641,0.04365), you enable us to allocate funds to launch a new initiative, effectively creating a ripple effect of kindness. Your single action multiplies into a sequence of projects that touch lives worldwide! Thank you for your continued support. ðŸ’ŸðŸ’ŸðŸ’Ÿ",ipfs://bafybeihe4owqivc2wo2uyijrplvxb6gxrghw42rtt73ty6lknajrssbjvi/16.png,ipfs://bafybeihe4owqivc2wo2uyijrplvxb6gxrghw42rtt73ty6lknajrssbjvi/16.mp4,https://bafybeidm4idxgesr6pj5w23lq75qdnad7xvsxpilzmawzibedig6yzzx3y.ipfs.dweb.link/16.html,G24,Food,Borehole,96,1 of 101,Ghana,Uncommon,Borehole F-2,21-Oct-2023,800,"10.25641,0.04365",0,#2C51FF,#FFFFFF,#D3DDE1,https://givebasicneeds.org/events/borehole-project-2,"Nabule, Ghana","https://www.google.com/maps/search/?q=near10.25641,0.04365,&ll=10.25641,0.04365&z=17&t=h",29,https://youtu.be/u488gzjm6YQ,https://bafybeihe4owqivc2wo2uyijrplvxb6gxrghw42rtt73ty6lknajrssbjvi.ipfs.dweb.link/16.png,https://bafybeihe4owqivc2wo2uyijrplvxb6gxrghw42rtt73ty6lknajrssbjvi.ipfs.dweb.link/16.mp4,https://bafybeihe4owqivc2wo2uyijrplvxb6gxrghw42rtt73ty6lknajrssbjvi.ipfs.dweb.link/F-2-FBC9E.jpg,101,29,0.0178187404
17,#17  Common Borehole (G24),"Owning a Give Basic Needs NFT is more than just a transaction. It's a heartfelt gesture that helps us make the world a better place, one NFT at a time. By sponsoring a completed project like this one in Nabule, Ghana (10.25641,0.04365), you enable us to allocate funds to launch a new initiative, effectively creating a ripple effect of kindness. Your single action multiplies into a sequence of projects that touch lives worldwide! Thank you for your continued support. ðŸ’ŸðŸ’ŸðŸ’Ÿ",ipfs://bafybeihe4owqivc2wo2uyijrplvxb6gxrghw42rtt73ty6lknajrssbjvi/17.png,ipfs://bafybeihe4owqivc2wo2uyijrplvxb6gxrghw42rtt73ty6lknajrssbjvi/17.mp4,https://bafybeidm4idxgesr6pj5w23lq75qdnad7xvsxpilzmawzibedig6yzzx3y.ipfs.dweb.link/17.html,G24,Food,Borehole,86,1 of 301,Ghana,Common,Borehole F-2,21-Oct-2023,800,"10.25641,0.04365",0,#04AC5B,#FFFFFF,#D3DDE1,https://givebasicneeds.org/events/borehole-project-2,"Nabule, Ghana","https://www.google.com/maps/search/?q=near10.25641,0.04365,&ll=10.25641,0.04365&z=17&t=h",6,https://youtu.be/u488gzjm6YQ,https://bafybeihe4owqivc2wo2uyijrplvxb6gxrghw42rtt73ty6lknajrssbjvi.ipfs.dweb.link/17.png,https://bafybeihe4owqivc2wo2uyijrplvxb6gxrghw42rtt73ty6lknajrssbjvi.ipfs.dweb.link/17.mp4,https://bafybeihe4owqivc2wo2uyijrplvxb6gxrghw42rtt73ty6lknajrssbjvi.ipfs.dweb.link/F-2-FBC9E.jpg,301,6,0.003686635945
18,#18  Super Rare Medical Clinic (G24),"Owning a Give Basic Needs NFT is more than just a transaction. It's a heartfelt gesture that helps us make the world a better place, one NFT at a time. By sponsoring a completed project like this one in Gushegu, Ghana (9.63485,-0.82766), you enable us to allocate funds to launch a new initiative, effectively creating a ripple effect of kindness. Your single action multiplies into a sequence of projects that touch lives worldwide! Thank you for your continued support. ðŸ’ŸðŸ’ŸðŸ’Ÿ",ipfs://bafybeihe4owqivc2wo2uyijrplvxb6gxrghw42rtt73ty6lknajrssbjvi/18.png,ipfs://bafybeihe4owqivc2wo2uyijrplvxb6gxrghw42rtt73ty6lknajrssbjvi/18.mp4,https://bafybeidm4idxgesr6pj5w23lq75qdnad7xvsxpilzmawzibedig6yzzx3y.ipfs.dweb.link/18.html,G24,Medical,Medical Clinic,146,1 of 2,Ghana,Super Rare,Medical Clinic M-4,21-Oct-2023,800,"9.63485,-0.82766",37,#FFD633,#FFFFFF,#DE3030,https://givebasicneeds.org/events/giving-event-37,"Gushegu, Ghana","https://www.google.com/maps/search/?q=near9.63485,-0.82766,&ll=9.63485,-0.82766&z=17&t=h",3130,https://youtu.be/KIxxAPEUVm8,https://bafybeihe4owqivc2wo2uyijrplvxb6gxrghw42rtt73ty6lknajrssbjvi.ipfs.dweb.link/18.png,https://bafybeihe4owqivc2wo2uyijrplvxb6gxrghw42rtt73ty6lknajrssbjvi.ipfs.dweb.link/18.mp4,https://bafybeihe4owqivc2wo2uyijrplvxb6gxrghw42rtt73ty6lknajrssbjvi.ipfs.dweb.link/M-4-CA5E5.jpg,2,3130,1.923195084
19,#19  Rare Medical Clinic (G24),"Owning a Give Basic Needs NFT is more than just a transaction. It's a heartfelt gesture that helps us make the world a better place, one NFT at a time. By sponsoring a completed project like this one in Gushegu, Ghana (9.63485,-0.82766), you enable us to allocate funds to launch a new initiative, effectively creating a ripple effect of kindness. Your single action multiplies into a sequence of projects that touch lives worldwide! Thank you for your continued support. ðŸ’ŸðŸ’ŸðŸ’Ÿ",ipfs://bafybeihe4owqivc2wo2uyijrplvxb6gxrghw42rtt73ty6lknajrssbjvi/19.png,ipfs://bafybeihe4owqivc2wo2uyijrplvxb6gxrghw42rtt73ty6lknajrssbjvi/19.mp4,https://bafybeidm4idxgesr6pj5w23lq75qdnad7xvsxpilzmawzibedig6yzzx3y.ipfs.dweb.link/19.html,G24,Medical,Medical Clinic,136,1 of 26,Ghana,Rare,Medical Clinic M-4,21-Oct-2023,800,"9.63485,-0.82766",37,#6D41C4,#FFFFFF,#DE3030,https://givebasicneeds.org/events/giving-event-37,"Gushegu, Ghana","https://www.google.com/maps/search/?q=near9.63485,-0.82766,&ll=9.63485,-0.82766&z=17&t=h",157,https://youtu.be/KIxxAPEUVm8,https://bafybeihe4owqivc2wo2uyijrplvxb6gxrghw42rtt73ty6lknajrssbjvi.ipfs.dweb.link/19.png,https://bafybeihe4owqivc2wo2uyijrplvxb6gxrghw42rtt73ty6lknajrssbjvi.ipfs.dweb.link/19.mp4,https://bafybeihe4owqivc2wo2uyijrplvxb6gxrghw42rtt73ty6lknajrssbjvi.ipfs.dweb.link/M-4-CA5E5.jpg,26,157,0.09646697389
20,#20  Uncommon Medical Clinic (G24),"Owning a Give Basic Needs NFT is more than just a transaction. It's a heartfelt gesture that helps us make the world a better place, one NFT at a time. By sponsoring a completed project like this one in Gushegu, Ghana (9.63485,-0.82766), you enable us to allocate funds to launch a new initiative, effectively creating a ripple effect of kindness. Your single action multiplies into a sequence of projects that touch lives worldwide! Thank you for your continued support. ðŸ’ŸðŸ’ŸðŸ’Ÿ",ipfs://bafybeihe4owqivc2wo2uyijrplvxb6gxrghw42rtt73ty6lknajrssbjvi/20.png,ipfs://bafybeihe4owqivc2wo2uyijrplvxb6gxrghw42rtt73ty6lknajrssbjvi/20.mp4,https://bafybeidm4idxgesr6pj5w23lq75qdnad7xvsxpilzmawzibedig6yzzx3y.ipfs.dweb.link/20.html,G24,Medical,Medical Clinic,126,1 of 101,Ghana,Uncommon,Medical Clinic M-4,21-Oct-2023,800,"9.63485,-0.82766",37,#2C51FF,#FFFFFF,#DE3030,https://givebasicneeds.org/events/giving-event-37,"Gushegu, Ghana","https://www.google.com/maps/search/?q=near9.63485,-0.82766,&ll=9.63485,-0.82766&z=17&t=h",40,https://youtu.be/KIxxAPEUVm8,https://bafybeihe4owqivc2wo2uyijrplvxb6gxrghw42rtt73ty6lknajrssbjvi.ipfs.dweb.link/20.png,https://bafybeihe4owqivc2wo2uyijrplvxb6gxrghw42rtt73ty6lknajrssbjvi.ipfs.dweb.link/20.mp4,https://bafybeihe4owqivc2wo2uyijrplvxb6gxrghw42rtt73ty6lknajrssbjvi.ipfs.dweb.link/M-4-CA5E5.jpg,101,40,0.02457757296
21,#21  Common Medical Clinic (G24),"Owning a Give Basic Needs NFT is more than just a transaction. It's a heartfelt gesture that helps us make the world a better place, one NFT at a time. By sponsoring a completed project like this one in Gushegu, Ghana (9.63485,-0.82766), you enable us to allocate funds to launch a new initiative, effectively creating a ripple effect of kindness. Your single action multiplies into a sequence of projects that touch lives worldwide! Thank you for your continued support. ðŸ’ŸðŸ’ŸðŸ’Ÿ",ipfs://bafybeihe4owqivc2wo2uyijrplvxb6gxrghw42rtt73ty6lknajrssbjvi/21.png,ipfs://bafybeihe4owqivc2wo2uyijrplvxb6gxrghw42rtt73ty6lknajrssbjvi/21.mp4,https://bafybeidm4idxgesr6pj5w23lq75qdnad7xvsxpilzmawzibedig6yzzx3y.ipfs.dweb.link/21.html,G24,Medical,Medical Clinic,116,1 of 301,Ghana,Common,Medical Clinic M-4,21-Oct-2023,800,"9.63485,-0.82766",37,#04AC5B,#FFFFFF,#DE3030,https://givebasicneeds.org/events/giving-event-37,"Gushegu, Ghana","https://www.google.com/maps/search/?q=near9.63485,-0.82766,&ll=9.63485,-0.82766&z=17&t=h",8,https://youtu.be/KIxxAPEUVm8,https://bafybeihe4owqivc2wo2uyijrplvxb6gxrghw42rtt73ty6lknajrssbjvi.ipfs.dweb.link/21.png,https://bafybeihe4owqivc2wo2uyijrplvxb6gxrghw42rtt73ty6lknajrssbjvi.ipfs.dweb.link/21.mp4,https://bafybeihe4owqivc2wo2uyijrplvxb6gxrghw42rtt73ty6lknajrssbjvi.ipfs.dweb.link/M-4-CA5E5.jpg,301,8,0.004915514593
22,#22  Super Rare Village Lighting (G24),"Owning a Give Basic Needs NFT is more than just a transaction. It's a heartfelt gesture that helps us make the world a better place, one NFT at a time. By sponsoring a completed project like this one in Tejenga, Ghana (9.65542,-0.46033), you enable us to allocate funds to launch a new initiative, effectively creating a ripple effect of kindness. Your single action multiplies into a sequence of projects that touch lives worldwide! Thank you for your continued support. ðŸ’ŸðŸ’ŸðŸ’Ÿ",ipfs://bafybeihe4owqivc2wo2uyijrplvxb6gxrghw42rtt73ty6lknajrssbjvi/22.png,ipfs://bafybeihe4owqivc2wo2uyijrplvxb6gxrghw42rtt73ty6lknajrssbjvi/22.mp4,https://bafybeidm4idxgesr6pj5w23lq75qdnad7xvsxpilzmawzibedig6yzzx3y.ipfs.dweb.link/22.html,G24,Shelter,Village Lighting,93,1 of 2,Ghana,Super Rare,Village Lighting S-2,21-Oct-2023,500,"9.65542,-0.46033",46,#FFD633,#FFFFFF,#49DAC3,https://givebasicneeds.org/events/giving-event-46,"Tejenga, Ghana","https://www.google.com/maps/search/?q=near9.65542,-0.46033,&ll=9.65542,-0.46033&z=17&t=h",2700,https://youtu.be/qMaH032falE,https://bafybeihe4owqivc2wo2uyijrplvxb6gxrghw42rtt73ty6lknajrssbjvi.ipfs.dweb.link/22.png,https://bafybeihe4owqivc2wo2uyijrplvxb6gxrghw42rtt73ty6lknajrssbjvi.ipfs.dweb.link/22.mp4,https://bafybeihe4owqivc2wo2uyijrplvxb6gxrghw42rtt73ty6lknajrssbjvi.ipfs.dweb.link/S-2-160AF.jpg,2,2700,1.658986175
23,#23  Rare Village Lighting (G24),"Owning a Give Basic Needs NFT is more than just a transaction. It's a heartfelt gesture that helps us make the world a better place, one NFT at a time. By sponsoring a completed project like this one in Tejenga, Ghana (9.65542,-0.46033), you enable us to allocate funds to launch a new initiative, effectively creating a ripple effect of kindness. Your single action multiplies into a sequence of projects that touch lives worldwide! Thank you for your continued support. ðŸ’ŸðŸ’ŸðŸ’Ÿ",ipfs://bafybeihe4owqivc2wo2uyijrplvxb6gxrghw42rtt73ty6lknajrssbjvi/23.png,ipfs://bafybeihe4owqivc2wo2uyijrplvxb6gxrghw42rtt73ty6lknajrssbjvi/23.mp4,https://bafybeidm4idxgesr6pj5w23lq75qdnad7xvsxpilzmawzibedig6yzzx3y.ipfs.dweb.link/23.html,G24,Shelter,Village Lighting,83,1 of 26,Ghana,Rare,Village Lighting S-2,21-Oct-2023,500,"9.65542,-0.46033",46,#6D41C4,#FFFFFF,#49DAC3,https://givebasicneeds.org/events/giving-event-46,"Tejenga, Ghana","https://www.google.com/maps/search/?q=near9.65542,-0.46033,&ll=9.65542,-0.46033&z=17&t=h",135,https://youtu.be/qMaH032falE,https://bafybeihe4owqivc2wo2uyijrplvxb6gxrghw42rtt73ty6lknajrssbjvi.ipfs.dweb.link/23.png,https://bafybeihe4owqivc2wo2uyijrplvxb6gxrghw42rtt73ty6lknajrssbjvi.ipfs.dweb.link/23.mp4,https://bafybeihe4owqivc2wo2uyijrplvxb6gxrghw42rtt73ty6lknajrssbjvi.ipfs.dweb.link/S-2-160AF.jpg,26,135,0.08294930876
24,#24  Uncommon Village Lighting (G24),"Owning a Give Basic Needs NFT is more than just a transaction. It's a heartfelt gesture that helps us make the world a better place, one NFT at a time. By sponsoring a completed project like this one in Tejenga, Ghana (9.65542,-0.46033), you enable us to allocate funds to launch a new initiative, effectively creating a ripple effect of kindness. Your single action multiplies into a sequence of projects that touch lives worldwide! Thank you for your continued support. ðŸ’ŸðŸ’ŸðŸ’Ÿ",ipfs://bafybeihe4owqivc2wo2uyijrplvxb6gxrghw42rtt73ty6lknajrssbjvi/24.png,ipfs://bafybeihe4owqivc2wo2uyijrplvxb6gxrghw42rtt73ty6lknajrssbjvi/24.mp4,https://bafybeidm4idxgesr6pj5w23lq75qdnad7xvsxpilzmawzibedig6yzzx3y.ipfs.dweb.link/24.html,G24,Shelter,Village Lighting,73,1 of 101,Ghana,Uncommon,Village Lighting S-2,21-Oct-2023,500,"9.65542,-0.46033",46,#2C51FF,#FFFFFF,#49DAC3,https://givebasicneeds.org/events/giving-event-46,"Tejenga, Ghana","https://www.google.com/maps/search/?q=near9.65542,-0.46033,&ll=9.65542,-0.46033&z=17&t=h",34,https://youtu.be/qMaH032falE,https://bafybeihe4owqivc2wo2uyijrplvxb6gxrghw42rtt73ty6lknajrssbjvi.ipfs.dweb.link/24.png,https://bafybeihe4owqivc2wo2uyijrplvxb6gxrghw42rtt73ty6lknajrssbjvi.ipfs.dweb.link/24.mp4,https://bafybeihe4owqivc2wo2uyijrplvxb6gxrghw42rtt73ty6lknajrssbjvi.ipfs.dweb.link/S-2-160AF.jpg,101,34,0.02089093702
25,#25  Common Village Lighting (G24),"Owning a Give Basic Needs NFT is more than just a transaction. It's a heartfelt gesture that helps us make the world a better place, one NFT at a time. By sponsoring a completed project like this one in Tejenga, Ghana (9.65542,-0.46033), you enable us to allocate funds to launch a new initiative, effectively creating a ripple effect of kindness. Your single action multiplies into a sequence of projects that touch lives worldwide! Thank you for your continued support. ðŸ’ŸðŸ’ŸðŸ’Ÿ",ipfs://bafybeihe4owqivc2wo2uyijrplvxb6gxrghw42rtt73ty6lknajrssbjvi/25.png,ipfs://bafybeihe4owqivc2wo2uyijrplvxb6gxrghw42rtt73ty6lknajrssbjvi/25.mp4,https://bafybeidm4idxgesr6pj5w23lq75qdnad7xvsxpilzmawzibedig6yzzx3y.ipfs.dweb.link/25.html,G24,Shelter,Village Lighting,63,1 of 301,Ghana,Common,Village Lighting S-2,21-Oct-2023,500,"9.65542,-0.46033",46,#04AC5B,#FFFFFF,#49DAC3,https://givebasicneeds.org/events/giving-event-46,"Tejenga, Ghana","https://www.google.com/maps/search/?q=near9.65542,-0.46033,&ll=9.65542,-0.46033&z=17&t=h",7,https://youtu.be/qMaH032falE,https://bafybeihe4owqivc2wo2uyijrplvxb6gxrghw42rtt73ty6lknajrssbjvi.ipfs.dweb.link/25.png,https://bafybeihe4owqivc2wo2uyijrplvxb6gxrghw42rtt73ty6lknajrssbjvi.ipfs.dweb.link/25.mp4,https://bafybeihe4owqivc2wo2uyijrplvxb6gxrghw42rtt73ty6lknajrssbjvi.ipfs.dweb.link/S-2-160AF.jpg,301,7,0.004301075269
26,#26  Super Rare Food Assistance (G24),"Owning a Give Basic Needs NFT is more than just a transaction. It's a heartfelt gesture that helps us make the world a better place, one NFT at a time. By sponsoring a completed project like this one in Katani, Ghana (10.16055,-0.08484), you enable us to allocate funds to launch a new initiative, effectively creating a ripple effect of kindness. Your single action multiplies into a sequence of projects that touch lives worldwide! Thank you for your continued support. ðŸ’ŸðŸ’ŸðŸ’Ÿ",ipfs://bafybeihe4owqivc2wo2uyijrplvxb6gxrghw42rtt73ty6lknajrssbjvi/26.png,ipfs://bafybeihe4owqivc2wo2uyijrplvxb6gxrghw42rtt73ty6lknajrssbjvi/26.mp4,https://bafybeidm4idxgesr6pj5w23lq75qdnad7xvsxpilzmawzibedig6yzzx3y.ipfs.dweb.link/26.html,G24,Food,Food Assistance,59,1 of 2,Ghana,Super Rare,Food Assistance F-6,21-Oct-2023,98,"10.16055,-0.08484",30,#FFD633,#FFFFFF,#D3DDE1,https://givebasicneeds.org/events/giving-event-30,"Katani, Ghana","https://www.google.com/maps/search/?q=near10.16055,-0.08484,&ll=10.16055,-0.08484&z=17&t=h",1640,https://youtu.be/X93kccT-gyY,https://bafybeihe4owqivc2wo2uyijrplvxb6gxrghw42rtt73ty6lknajrssbjvi.ipfs.dweb.link/26.png,https://bafybeihe4owqivc2wo2uyijrplvxb6gxrghw42rtt73ty6lknajrssbjvi.ipfs.dweb.link/26.mp4,https://bafybeihe4owqivc2wo2uyijrplvxb6gxrghw42rtt73ty6lknajrssbjvi.ipfs.dweb.link/F-6-E1614.jpg,2,1640,1.007680492
27,#27  Rare Food Assistance (G24),"Owning a Give Basic Needs NFT is more than just a transaction. It's a heartfelt gesture that helps us make the world a better place, one NFT at a time. By sponsoring a completed project like this one in Katani, Ghana (10.16055,-0.08484), you enable us to allocate funds to launch a new initiative, effectively creating a ripple effect of kindness. Your single action multiplies into a sequence of projects that touch lives worldwide! Thank you for your continued support. ðŸ’ŸðŸ’ŸðŸ’Ÿ",ipfs://bafybeihe4owqivc2wo2uyijrplvxb6gxrghw42rtt73ty6lknajrssbjvi/27.png,ipfs://bafybeihe4owqivc2wo2uyijrplvxb6gxrghw42rtt73ty6lknajrssbjvi/27.mp4,https://bafybeidm4idxgesr6pj5w23lq75qdnad7xvsxpilzmawzibedig6yzzx3y.ipfs.dweb.link/27.html,G24,Food,Food Assistance,49,1 of 26,Ghana,Rare,Food Assistance F-6,21-Oct-2023,98,"10.16055,-0.08484",30,#6D41C4,#FFFFFF,#D3DDE1,https://givebasicneeds.org/events/giving-event-30,"Katani, Ghana","https://www.google.com/maps/search/?q=near10.16055,-0.08484,&ll=10.16055,-0.08484&z=17&t=h",82,https://youtu.be/X93kccT-gyY,https://bafybeihe4owqivc2wo2uyijrplvxb6gxrghw42rtt73ty6lknajrssbjvi.ipfs.dweb.link/27.png,https://bafybeihe4owqivc2wo2uyijrplvxb6gxrghw42rtt73ty6lknajrssbjvi.ipfs.dweb.link/27.mp4,https://bafybeihe4owqivc2wo2uyijrplvxb6gxrghw42rtt73ty6lknajrssbjvi.ipfs.dweb.link/F-6-E1614.jpg,26,82,0.05038402458
28,#28  Uncommon Food Assistance (G24),"Owning a Give Basic Needs NFT is more than just a transaction. It's a heartfelt gesture that helps us make the world a better place, one NFT at a time. By sponsoring a completed project like this one in Katani, Ghana (10.16055,-0.08484), you enable us to allocate funds to launch a new initiative, effectively creating a ripple effect of kindness. Your single action multiplies into a sequence of projects that touch lives worldwide! Thank you for your continued support. ðŸ’ŸðŸ’ŸðŸ’Ÿ",ipfs://bafybeihe4owqivc2wo2uyijrplvxb6gxrghw42rtt73ty6lknajrssbjvi/28.png,ipfs://bafybeihe4owqivc2wo2uyijrplvxb6gxrghw42rtt73ty6lknajrssbjvi/28.mp4,https://bafybeidm4idxgesr6pj5w23lq75qdnad7xvsxpilzmawzibedig6yzzx3y.ipfs.dweb.link/28.html,G24,Food,Food Assistance,39,1 of 101,Ghana,Uncommon,Food Assistance F-6,21-Oct-2023,98,"10.16055,-0.08484",30,#2C51FF,#FFFFFF,#D3DDE1,https://givebasicneeds.org/events/giving-event-30,"Katani, Ghana","https://www.google.com/maps/search/?q=near10.16055,-0.08484,&ll=10.16055,-0.08484&z=17&t=h",21,https://youtu.be/X93kccT-gyY,https://bafybeihe4owqivc2wo2uyijrplvxb6gxrghw42rtt73ty6lknajrssbjvi.ipfs.dweb.link/28.png,https://bafybeihe4owqivc2wo2uyijrplvxb6gxrghw42rtt73ty6lknajrssbjvi.ipfs.dweb.link/28.mp4,https://bafybeihe4owqivc2wo2uyijrplvxb6gxrghw42rtt73ty6lknajrssbjvi.ipfs.dweb.link/F-6-E1614.jpg,101,21,0.01290322581
29,#29  Common Food Assistance (G24),"Owning a Give Basic Needs NFT is more than just a transaction. It's a heartfelt gesture that helps us make the world a better place, one NFT at a time. By sponsoring a completed project like this one in Katani, Ghana (10.16055,-0.08484), you enable us to allocate funds to launch a new initiative, effectively creating a ripple effect of kindness. Your single action multiplies into a sequence of projects that touch lives worldwide! Thank you for your continued support. ðŸ’ŸðŸ’ŸðŸ’Ÿ",ipfs://bafybeihe4owqivc2wo2uyijrplvxb6gxrghw42rtt73ty6lknajrssbjvi/29.png,ipfs://bafybeihe4owqivc2wo2uyijrplvxb6gxrghw42rtt73ty6lknajrssbjvi/29.mp4,https://bafybeidm4idxgesr6pj5w23lq75qdnad7xvsxpilzmawzibedig6yzzx3y.ipfs.dweb.link/29.html,G24,Food,Food Assistance,29,1 of 301,Ghana,Common,Food Assistance F-6,21-Oct-2023,98,"10.16055,-0.08484",30,#04AC5B,#FFFFFF,#D3DDE1,https://givebasicneeds.org/events/giving-event-30,"Katani, Ghana","https://www.google.com/maps/search/?q=near10.16055,-0.08484,&ll=10.16055,-0.08484&z=17&t=h",5,https://youtu.be/X93kccT-gyY,https://bafybeihe4owqivc2wo2uyijrplvxb6gxrghw42rtt73ty6lknajrssbjvi.ipfs.dweb.link/29.png,https://bafybeihe4owqivc2wo2uyijrplvxb6gxrghw42rtt73ty6lknajrssbjvi.ipfs.dweb.link/29.mp4,https://bafybeihe4owqivc2wo2uyijrplvxb6gxrghw42rtt73ty6lknajrssbjvi.ipfs.dweb.link/F-6-E1614.jpg,301,5,0.003072196621
30,#30  Super Rare Medical Clinic (G24),"Owning a Give Basic Needs NFT is more than just a transaction. It's a heartfelt gesture that helps us make the world a better place, one NFT at a time. By sponsoring a completed project like this one in Tamale, Ghana (9.37701,-0.76371), you enable us to allocate funds to launch a new initiative, effectively creating a ripple effect of kindness. Your single action multiplies into a sequence of projects that touch lives worldwide! Thank you for your continued support. ðŸ’ŸðŸ’ŸðŸ’Ÿ",ipfs://bafybeihe4owqivc2wo2uyijrplvxb6gxrghw42rtt73ty6lknajrssbjvi/30.png,ipfs://bafybeihe4owqivc2wo2uyijrplvxb6gxrghw42rtt73ty6lknajrssbjvi/30.mp4,https://bafybeidm4idxgesr6pj5w23lq75qdnad7xvsxpilzmawzibedig6yzzx3y.ipfs.dweb.link/30.html,G24,Medical,Medical Clinic,238,1 of 2,Ghana,Super Rare,Medical Clinic M-5,21-Oct-2023,2000,"9.37701,-0.76371",47,#FFD633,#FFFFFF,#DE3030,https://givebasicneeds.org/events/giving-event-47,"Tamale, Ghana","https://www.google.com/maps/search/?q=near9.37701,-0.76371,&ll=9.37701,-0.76371&z=17&t=h",3130,https://youtu.be/iuBZD_zPykQ,https://bafybeihe4owqivc2wo2uyijrplvxb6gxrghw42rtt73ty6lknajrssbjvi.ipfs.dweb.link/30.png,https://bafybeihe4owqivc2wo2uyijrplvxb6gxrghw42rtt73ty6lknajrssbjvi.ipfs.dweb.link/30.mp4,https://bafybeihe4owqivc2wo2uyijrplvxb6gxrghw42rtt73ty6lknajrssbjvi.ipfs.dweb.link/M-5-BEDC6.jpg,2,3130,1.923195084
31,#31  Rare Medical Clinic (G24),"Owning a Give Basic Needs NFT is more than just a transaction. It's a heartfelt gesture that helps us make the world a better place, one NFT at a time. By sponsoring a completed project like this one in Tamale, Ghana (9.37701,-0.76371), you enable us to allocate funds to launch a new initiative, effectively creating a ripple effect of kindness. Your single action multiplies into a sequence of projects that touch lives worldwide! Thank you for your continued support. ðŸ’ŸðŸ’ŸðŸ’Ÿ",ipfs://bafybeihe4owqivc2wo2uyijrplvxb6gxrghw42rtt73ty6lknajrssbjvi/31.png,ipfs://bafybeihe4owqivc2wo2uyijrplvxb6gxrghw42rtt73ty6lknajrssbjvi/31.mp4,https://bafybeidm4idxgesr6pj5w23lq75qdnad7xvsxpilzmawzibedig6yzzx3y.ipfs.dweb.link/31.html,G24,Medical,Medical Clinic,228,1 of 26,Ghana,Rare,Medical Clinic M-5,21-Oct-2023,2000,"9.37701,-0.76371",47,#6D41C4,#FFFFFF,#DE3030,https://givebasicneeds.org/events/giving-event-47,"Tamale, Ghana","https://www.google.com/maps/search/?q=near9.37701,-0.76371,&ll=9.37701,-0.76371&z=17&t=h",157,https://youtu.be/iuBZD_zPykQ,https://bafybeihe4owqivc2wo2uyijrplvxb6gxrghw42rtt73ty6lknajrssbjvi.ipfs.dweb.link/31.png,https://bafybeihe4owqivc2wo2uyijrplvxb6gxrghw42rtt73ty6lknajrssbjvi.ipfs.dweb.link/31.mp4,https://bafybeihe4owqivc2wo2uyijrplvxb6gxrghw42rtt73ty6lknajrssbjvi.ipfs.dweb.link/M-5-BEDC6.jpg,26,157,0.09646697389
32,#32  Uncommon Medical Clinic (G24),"Owning a Give Basic Needs NFT is more than just a transaction. It's a heartfelt gesture that helps us make the world a better place, one NFT at a time. By sponsoring a completed project like this one in Tamale, Ghana (9.37701,-0.76371), you enable us to allocate funds to launch a new initiative, effectively creating a ripple effect of kindness. Your single action multiplies into a sequence of projects that touch lives worldwide! Thank you for your continued support. ðŸ’ŸðŸ’ŸðŸ’Ÿ",ipfs://bafybeihe4owqivc2wo2uyijrplvxb6gxrghw42rtt73ty6lknajrssbjvi/32.png,ipfs://bafybeihe4owqivc2wo2uyijrplvxb6gxrghw42rtt73ty6lknajrssbjvi/32.mp4,https://bafybeidm4idxgesr6pj5w23lq75qdnad7xvsxpilzmawzibedig6yzzx3y.ipfs.dweb.link/32.html,G24,Medical,Medical Clinic,218,1 of 101,Ghana,Uncommon,Medical Clinic M-5,21-Oct-2023,2000,"9.37701,-0.76371",47,#2C51FF,#FFFFFF,#DE3030,https://givebasicneeds.org/events/giving-event-47,"Tamale, Ghana","https://www.google.com/maps/search/?q=near9.37701,-0.76371,&ll=9.37701,-0.76371&z=17&t=h",40,https://youtu.be/iuBZD_zPykQ,https://bafybeihe4owqivc2wo2uyijrplvxb6gxrghw42rtt73ty6lknajrssbjvi.ipfs.dweb.link/32.png,https://bafybeihe4owqivc2wo2uyijrplvxb6gxrghw42rtt73ty6lknajrssbjvi.ipfs.dweb.link/32.mp4,https://bafybeihe4owqivc2wo2uyijrplvxb6gxrghw42rtt73ty6lknajrssbjvi.ipfs.dweb.link/M-5-BEDC6.jpg,101,40,0.02457757296
33,#33  Common Medical Clinic (G24),"Owning a Give Basic Needs NFT is more than just a transaction. It's a heartfelt gesture that helps us make the world a better place, one NFT at a time. By sponsoring a completed project like this one in Tamale, Ghana (9.37701,-0.76371), you enable us to allocate funds to launch a new initiative, effectively creating a ripple effect of kindness. Your single action multiplies into a sequence of projects that touch lives worldwide! Thank you for your continued support. ðŸ’ŸðŸ’ŸðŸ’Ÿ",ipfs://bafybeihe4owqivc2wo2uyijrplvxb6gxrghw42rtt73ty6lknajrssbjvi/33.png,ipfs://bafybeihe4owqivc2wo2uyijrplvxb6gxrghw42rtt73ty6lknajrssbjvi/33.mp4,https://bafybeidm4idxgesr6pj5w23lq75qdnad7xvsxpilzmawzibedig6yzzx3y.ipfs.dweb.link/33.html,G24,Medical,Medical Clinic,208,1 of 301,Ghana,Common,Medical Clinic M-5,21-Oct-2023,2000,"9.37701,-0.76371",47,#04AC5B,#FFFFFF,#DE3030,https://givebasicneeds.org/events/giving-event-47,"Tamale, Ghana","https://www.google.com/maps/search/?q=near9.37701,-0.76371,&ll=9.37701,-0.76371&z=17&t=h",8,https://youtu.be/iuBZD_zPykQ,https://bafybeihe4owqivc2wo2uyijrplvxb6gxrghw42rtt73ty6lknajrssbjvi.ipfs.dweb.link/33.png,https://bafybeihe4owqivc2wo2uyijrplvxb6gxrghw42rtt73ty6lknajrssbjvi.ipfs.dweb.link/33.mp4,https://bafybeihe4owqivc2wo2uyijrplvxb6gxrghw42rtt73ty6lknajrssbjvi.ipfs.dweb.link/M-5-BEDC6.jpg,301,8,0.004915514593
34,#34  Super Rare Village Lighting (G24),"Owning a Give Basic Needs NFT is more than just a transaction. It's a heartfelt gesture that helps us make the world a better place, one NFT at a time. By sponsoring a completed project like this one in Bakpoli, Ghana (10.19882,0.00335), you enable us to allocate funds to launch a new initiative, effectively creating a ripple effect of kindness. Your single action multiplies into a sequence of projects that touch lives worldwide! Thank you for your continued support. ðŸ’ŸðŸ’ŸðŸ’Ÿ",ipfs://bafybeihe4owqivc2wo2uyijrplvxb6gxrghw42rtt73ty6lknajrssbjvi/34.png,ipfs://bafybeihe4owqivc2wo2uyijrplvxb6gxrghw42rtt73ty6lknajrssbjvi/34.mp4,https://bafybeidm4idxgesr6pj5w23lq75qdnad7xvsxpilzmawzibedig6yzzx3y.ipfs.dweb.link/34.html,G24,Shelter,Village Lighting,87,1 of 2,Ghana,Super Rare,Village Lighting S-3,21-Oct-2023,450,"10.19882,0.00335",45,#FFD633,#FFFFFF,#49DAC3,https://givebasicneeds.org/events/giving-event-45,"Bakpoli, Ghana","https://www.google.com/maps/search/?q=near10.19882,0.00335,&ll=10.19882,0.00335&z=17&t=h",2700,https://youtu.be/ktB1xTWXUiw,https://bafybeihe4owqivc2wo2uyijrplvxb6gxrghw42rtt73ty6lknajrssbjvi.ipfs.dweb.link/34.png,https://bafybeihe4owqivc2wo2uyijrplvxb6gxrghw42rtt73ty6lknajrssbjvi.ipfs.dweb.link/34.mp4,https://bafybeihe4owqivc2wo2uyijrplvxb6gxrghw42rtt73ty6lknajrssbjvi.ipfs.dweb.link/S-3-44D51.jpg,2,2700,1.658986175
35,#35  Rare Village Lighting (G24),"Owning a Give Basic Needs NFT is more than just a transaction. It's a heartfelt gesture that helps us make the world a better place, one NFT at a time. By sponsoring a completed project like this one in Bakpoli, Ghana (10.19882,0.00335), you enable us to allocate funds to launch a new initiative, effectively creating a ripple effect of kindness. Your single action multiplies into a sequence of projects that touch lives worldwide! Thank you for your continued support. ðŸ’ŸðŸ’ŸðŸ’Ÿ",ipfs://bafybeihe4owqivc2wo2uyijrplvxb6gxrghw42rtt73ty6lknajrssbjvi/35.png,ipfs://bafybeihe4owqivc2wo2uyijrplvxb6gxrghw42rtt73ty6lknajrssbjvi/35.mp4,https://bafybeidm4idxgesr6pj5w23lq75qdnad7xvsxpilzmawzibedig6yzzx3y.ipfs.dweb.link/35.html,G24,Shelter,Village Lighting,77,1 of 26,Ghana,Rare,Village Lighting S-3,21-Oct-2023,450,"10.19882,0.00335",45,#6D41C4,#FFFFFF,#49DAC3,https://givebasicneeds.org/events/giving-event-45,"Bakpoli, Ghana","https://www.google.com/maps/search/?q=near10.19882,0.00335,&ll=10.19882,0.00335&z=17&t=h",135,https://youtu.be/ktB1xTWXUiw,https://bafybeihe4owqivc2wo2uyijrplvxb6gxrghw42rtt73ty6lknajrssbjvi.ipfs.dweb.link/35.png,https://bafybeihe4owqivc2wo2uyijrplvxb6gxrghw42rtt73ty6lknajrssbjvi.ipfs.dweb.link/35.mp4,https://bafybeihe4owqivc2wo2uyijrplvxb6gxrghw42rtt73ty6lknajrssbjvi.ipfs.dweb.link/S-3-44D51.jpg,26,135,0.08294930876
36,#36  Uncommon Village Lighting (G24),"Owning a Give Basic Needs NFT is more than just a transaction. It's a heartfelt gesture that helps us make the world a better place, one NFT at a time. By sponsoring a completed project like this one in Bakpoli, Ghana (10.19882,0.00335), you enable us to allocate funds to launch a new initiative, effectively creating a ripple effect of kindness. Your single action multiplies into a sequence of projects that touch lives worldwide! Thank you for your continued support. ðŸ’ŸðŸ’ŸðŸ’Ÿ",ipfs://bafybeihe4owqivc2wo2uyijrplvxb6gxrghw42rtt73ty6lknajrssbjvi/36.png,ipfs://bafybeihe4owqivc2wo2uyijrplvxb6gxrghw42rtt73ty6lknajrssbjvi/36.mp4,https://bafybeidm4idxgesr6pj5w23lq75qdnad7xvsxpilzmawzibedig6yzzx3y.ipfs.dweb.link/36.html,G24,Shelter,Village Lighting,67,1 of 101,Ghana,Uncommon,Village Lighting S-3,21-Oct-2023,450,"10.19882,0.00335",45,#2C51FF,#FFFFFF,#49DAC3,https://givebasicneeds.org/events/giving-event-45,"Bakpoli, Ghana","https://www.google.com/maps/search/?q=near10.19882,0.00335,&ll=10.19882,0.00335&z=17&t=h",34,https://youtu.be/ktB1xTWXUiw,https://bafybeihe4owqivc2wo2uyijrplvxb6gxrghw42rtt73ty6lknajrssbjvi.ipfs.dweb.link/36.png,https://bafybeihe4owqivc2wo2uyijrplvxb6gxrghw42rtt73ty6lknajrssbjvi.ipfs.dweb.link/36.mp4,https://bafybeihe4owqivc2wo2uyijrplvxb6gxrghw42rtt73ty6lknajrssbjvi.ipfs.dweb.link/S-3-44D51.jpg,101,34,0.02089093702
37,#37  Common Village Lighting (G24),"Owning a Give Basic Needs NFT is more than just a transaction. It's a heartfelt gesture that helps us make the world a better place, one NFT at a time. By sponsoring a completed project like this one in Bakpoli, Ghana (10.19882,0.00335), you enable us to allocate funds to launch a new initiative, effectively creating a ripple effect of kindness. Your single action multiplies into a sequence of projects that touch lives worldwide! Thank you for your continued support. ðŸ’ŸðŸ’ŸðŸ’Ÿ",ipfs://bafybeihe4owqivc2wo2uyijrplvxb6gxrghw42rtt73ty6lknajrssbjvi/37.png,ipfs://bafybeihe4owqivc2wo2uyijrplvxb6gxrghw42rtt73ty6lknajrssbjvi/37.mp4,https://bafybeidm4idxgesr6pj5w23lq75qdnad7xvsxpilzmawzibedig6yzzx3y.ipfs.dweb.link/37.html,G24,Shelter,Village Lighting,57,1 of 301,Ghana,Common,Village Lighting S-3,21-Oct-2023,450,"10.19882,0.00335",45,#04AC5B,#FFFFFF,#49DAC3,https://givebasicneeds.org/events/giving-event-45,"Bakpoli, Ghana","https://www.google.com/maps/search/?q=near10.19882,0.00335,&ll=10.19882,0.00335&z=17&t=h",7,https://youtu.be/ktB1xTWXUiw,https://bafybeihe4owqivc2wo2uyijrplvxb6gxrghw42rtt73ty6lknajrssbjvi.ipfs.dweb.link/37.png,https://bafybeihe4owqivc2wo2uyijrplvxb6gxrghw42rtt73ty6lknajrssbjvi.ipfs.dweb.link/37.mp4,https://bafybeihe4owqivc2wo2uyijrplvxb6gxrghw42rtt73ty6lknajrssbjvi.ipfs.dweb.link/S-3-44D51.jpg,301,7,0.004301075269
38,#38  Super Rare Borehole (G24),"Owning a Give Basic Needs NFT is more than just a transaction. It's a heartfelt gesture that helps us make the world a better place, one NFT at a time. By sponsoring a completed project like this one in Nausugu-Mang, Ghana (10.10257,-0.05639), you enable us to allocate funds to launch a new initiative, effectively creating a ripple effect of kindness. Your single action multiplies into a sequence of projects that touch lives worldwide! Thank you for your continued support. ðŸ’ŸðŸ’ŸðŸ’Ÿ",ipfs://bafybeihe4owqivc2wo2uyijrplvxb6gxrghw42rtt73ty6lknajrssbjvi/38.png,ipfs://bafybeihe4owqivc2wo2uyijrplvxb6gxrghw42rtt73ty6lknajrssbjvi/38.mp4,https://bafybeidm4idxgesr6pj5w23lq75qdnad7xvsxpilzmawzibedig6yzzx3y.ipfs.dweb.link/38.html,G24,Food,Borehole,61,1 of 2,Ghana,Super Rare,Borehole F-5,21-Oct-2023,300,"10.10257,-0.05639",0,#FFD633,#FFFFFF,#D3DDE1,https://givebasicneeds.org/events/borehole-project-5,"Nausugu-Mang, Ghana","https://www.google.com/maps/search/?q=near10.10257,-0.05639,&ll=10.10257,-0.05639&z=17&t=h",2227,https://youtu.be/u488gzjm6YQ,https://bafybeihe4owqivc2wo2uyijrplvxb6gxrghw42rtt73ty6lknajrssbjvi.ipfs.dweb.link/38.png,https://bafybeihe4owqivc2wo2uyijrplvxb6gxrghw42rtt73ty6lknajrssbjvi.ipfs.dweb.link/38.mp4,https://bafybeihe4owqivc2wo2uyijrplvxb6gxrghw42rtt73ty6lknajrssbjvi.ipfs.dweb.link/F-5-8CED8.jpg,2,2227,1.368356375
39,#39  Rare Borehole (G24),"Owning a Give Basic Needs NFT is more than just a transaction. It's a heartfelt gesture that helps us make the world a better place, one NFT at a time. By sponsoring a completed project like this one in Nausugu-Mang, Ghana (10.10257,-0.05639), you enable us to allocate funds to launch a new initiative, effectively creating a ripple effect of kindness. Your single action multiplies into a sequence of projects that touch lives worldwide! Thank you for your continued support. ðŸ’ŸðŸ’ŸðŸ’Ÿ",ipfs://bafybeihe4owqivc2wo2uyijrplvxb6gxrghw42rtt73ty6lknajrssbjvi/39.png,ipfs://bafybeihe4owqivc2wo2uyijrplvxb6gxrghw42rtt73ty6lknajrssbjvi/39.mp4,https://bafybeidm4idxgesr6pj5w23lq75qdnad7xvsxpilzmawzibedig6yzzx3y.ipfs.dweb.link/39.html,G24,Food,Borehole,51,1 of 26,Ghana,Rare,Borehole F-5,21-Oct-2023,300,"10.10257,-0.05639",0,#6D41C4,#FFFFFF,#D3DDE1,https://givebasicneeds.org/events/borehole-project-5,"Nausugu-Mang, Ghana","https://www.google.com/maps/search/?q=near10.10257,-0.05639,&ll=10.10257,-0.05639&z=17&t=h",112,https://youtu.be/u488gzjm6YQ,https://bafybeihe4owqivc2wo2uyijrplvxb6gxrghw42rtt73ty6lknajrssbjvi.ipfs.dweb.link/39.png,https://bafybeihe4owqivc2wo2uyijrplvxb6gxrghw42rtt73ty6lknajrssbjvi.ipfs.dweb.link/39.mp4,https://bafybeihe4owqivc2wo2uyijrplvxb6gxrghw42rtt73ty6lknajrssbjvi.ipfs.dweb.link/F-5-8CED8.jpg,26,112,0.0688172043
40,#40  Uncommon Borehole (G24),"Owning a Give Basic Needs NFT is more than just a transaction. It's a heartfelt gesture that helps us make the world a better place, one NFT at a time. By sponsoring a completed project like this one in Nausugu-Mang, Ghana (10.10257,-0.05639), you enable us to allocate funds to launch a new initiative, effectively creating a ripple effect of kindness. Your single action multiplies into a sequence of projects that touch lives worldwide! Thank you for your continued support. ðŸ’ŸðŸ’ŸðŸ’Ÿ",ipfs://bafybeihe4owqivc2wo2uyijrplvxb6gxrghw42rtt73ty6lknajrssbjvi/40.png,ipfs://bafybeihe4owqivc2wo2uyijrplvxb6gxrghw42rtt73ty6lknajrssbjvi/40.mp4,https://bafybeidm4idxgesr6pj5w23lq75qdnad7xvsxpilzmawzibedig6yzzx3y.ipfs.dweb.link/40.html,G24,Food,Borehole,41,1 of 101,Ghana,Uncommon,Borehole F-5,21-Oct-2023,300,"10.10257,-0.05639",0,#2C51FF,#FFFFFF,#D3DDE1,https://givebasicneeds.org/events/borehole-project-5,"Nausugu-Mang, Ghana","https://www.google.com/maps/search/?q=near10.10257,-0.05639,&ll=10.10257,-0.05639&z=17&t=h",28,https://youtu.be/u488gzjm6YQ,https://bafybeihe4owqivc2wo2uyijrplvxb6gxrghw42rtt73ty6lknajrssbjvi.ipfs.dweb.link/40.png,https://bafybeihe4owqivc2wo2uyijrplvxb6gxrghw42rtt73ty6lknajrssbjvi.ipfs.dweb.link/40.mp4,https://bafybeihe4owqivc2wo2uyijrplvxb6gxrghw42rtt73ty6lknajrssbjvi.ipfs.dweb.link/F-5-8CED8.jpg,101,28,0.01720430108
41,#41  Common Borehole (G24),"Owning a Give Basic Needs NFT is more than just a transaction. It's a heartfelt gesture that helps us make the world a better place, one NFT at a time. By sponsoring a completed project like this one in Nausugu-Mang, Ghana (10.10257,-0.05639), you enable us to allocate funds to launch a new initiative, effectively creating a ripple effect of kindness. Your single action multiplies into a sequence of projects that touch lives worldwide! Thank you for your continued support. ðŸ’ŸðŸ’ŸðŸ’Ÿ",ipfs://bafybeihe4owqivc2wo2uyijrplvxb6gxrghw42rtt73ty6lknajrssbjvi/41.png,ipfs://bafybeihe4owqivc2wo2uyijrplvxb6gxrghw42rtt73ty6lknajrssbjvi/41.mp4,https://bafybeidm4idxgesr6pj5w23lq75qdnad7xvsxpilzmawzibedig6yzzx3y.ipfs.dweb.link/41.html,G24,Food,Borehole,31,1 of 301,Ghana,Common,Borehole F-5,21-Oct-2023,300,"10.10257,-0.05639",0,#04AC5B,#FFFFFF,#D3DDE1,https://givebasicneeds.org/events/borehole-project-5,"Nausugu-Mang, Ghana","https://www.google.com/maps/search/?q=near10.10257,-0.05639,&ll=10.10257,-0.05639&z=17&t=h",6,https://youtu.be/u488gzjm6YQ,https://bafybeihe4owqivc2wo2uyijrplvxb6gxrghw42rtt73ty6lknajrssbjvi.ipfs.dweb.link/41.png,https://bafybeihe4owqivc2wo2uyijrplvxb6gxrghw42rtt73ty6lknajrssbjvi.ipfs.dweb.link/41.mp4,https://bafybeihe4owqivc2wo2uyijrplvxb6gxrghw42rtt73ty6lknajrssbjvi.ipfs.dweb.link/F-5-8CED8.jpg,301,6,0.003686635945
42,#42  Super Rare Hygiene Products (G24),"Owning a Give Basic Needs NFT is more than just a transaction. It's a heartfelt gesture that helps us make the world a better place, one NFT at a time. By sponsoring a completed project like this one in Mecca, CA, USA (33.56911,-116.07632), you enable us to allocate funds to launch a new initiative, effectively creating a ripple effect of kindness. Your single action multiplies into a sequence of projects that touch lives worldwide! Thank you for your continued support. ðŸ’ŸðŸ’ŸðŸ’Ÿ",ipfs://bafybeihe4owqivc2wo2uyijrplvxb6gxrghw42rtt73ty6lknajrssbjvi/42.png,ipfs://bafybeihe4owqivc2wo2uyijrplvxb6gxrghw42rtt73ty6lknajrssbjvi/42.mp4,https://bafybeidm4idxgesr6pj5w23lq75qdnad7xvsxpilzmawzibedig6yzzx3y.ipfs.dweb.link/42.html,G24,Medical,Hygiene Products,216,1 of 2,USA,Super Rare,Hygiene Products M-1,21-Oct-2023,912,"33.56911,-116.07632",16,#FFD633,#FFFFFF,#DE3030,https://givebasicneeds.org/events/giving-event-16,"Mecca, CA, USA","https://www.google.com/maps/search/?q=near33.56911,-116.07632,&ll=33.56911,-116.07632&z=17&t=h",6123,https://youtu.be/WaZO8dPvhGo,https://bafybeihe4owqivc2wo2uyijrplvxb6gxrghw42rtt73ty6lknajrssbjvi.ipfs.dweb.link/42.png,https://bafybeihe4owqivc2wo2uyijrplvxb6gxrghw42rtt73ty6lknajrssbjvi.ipfs.dweb.link/42.mp4,https://bafybeihe4owqivc2wo2uyijrplvxb6gxrghw42rtt73ty6lknajrssbjvi.ipfs.dweb.link/M-1-819C1.jpg,2,6123,3.762211982
43,#43  Rare Hygiene Products (G24),"Owning a Give Basic Needs NFT is more than just a transaction. It's a heartfelt gesture that helps us make the world a better place, one NFT at a time. By sponsoring a completed project like this one in Mecca, CA, USA (33.56911,-116.07632), you enable us to allocate funds to launch a new initiative, effectively creating a ripple effect of kindness. Your single action multiplies into a sequence of projects that touch lives worldwide! Thank you for your continued support. ðŸ’ŸðŸ’ŸðŸ’Ÿ",ipfs://bafybeihe4owqivc2wo2uyijrplvxb6gxrghw42rtt73ty6lknajrssbjvi/43.png,ipfs://bafybeihe4owqivc2wo2uyijrplvxb6gxrghw42rtt73ty6lknajrssbjvi/43.mp4,https://bafybeidm4idxgesr6pj5w23lq75qdnad7xvsxpilzmawzibedig6yzzx3y.ipfs.dweb.link/43.html,G24,Medical,Hygiene Products,206,1 of 26,USA,Rare,Hygiene Products M-1,21-Oct-2023,912,"33.56911,-116.07632",16,#6D41C4,#FFFFFF,#DE3030,https://givebasicneeds.org/events/giving-event-16,"Mecca, CA, USA","https://www.google.com/maps/search/?q=near33.56911,-116.07632,&ll=33.56911,-116.07632&z=17&t=h",307,https://youtu.be/WaZO8dPvhGo,https://bafybeihe4owqivc2wo2uyijrplvxb6gxrghw42rtt73ty6lknajrssbjvi.ipfs.dweb.link/43.png,https://bafybeihe4owqivc2wo2uyijrplvxb6gxrghw42rtt73ty6lknajrssbjvi.ipfs.dweb.link/43.mp4,https://bafybeihe4owqivc2wo2uyijrplvxb6gxrghw42rtt73ty6lknajrssbjvi.ipfs.dweb.link/M-1-819C1.jpg,26,307,0.1886328725
44,#44  Uncommon Hygiene Products (G24),"Owning a Give Basic Needs NFT is more than just a transaction. It's a heartfelt gesture that helps us make the world a better place, one NFT at a time. By sponsoring a completed project like this one in Mecca, CA, USA (33.56911,-116.07632), you enable us to allocate funds to launch a new initiative, effectively creating a ripple effect of kindness. Your single action multiplies into a sequence of projects that touch lives worldwide! Thank you for your continued support. ðŸ’ŸðŸ’ŸðŸ’Ÿ",ipfs://bafybeihe4owqivc2wo2uyijrplvxb6gxrghw42rtt73ty6lknajrssbjvi/44.png,ipfs://bafybeihe4owqivc2wo2uyijrplvxb6gxrghw42rtt73ty6lknajrssbjvi/44.mp4,https://bafybeidm4idxgesr6pj5w23lq75qdnad7xvsxpilzmawzibedig6yzzx3y.ipfs.dweb.link/44.html,G24,Medical,Hygiene Products,196,1 of 101,USA,Uncommon,Hygiene Products M-1,21-Oct-2023,912,"33.56911,-116.07632",16,#2C51FF,#FFFFFF,#DE3030,https://givebasicneeds.org/events/giving-event-16,"Mecca, CA, USA","https://www.google.com/maps/search/?q=near33.56911,-116.07632,&ll=33.56911,-116.07632&z=17&t=h",77,https://youtu.be/WaZO8dPvhGo,https://bafybeihe4owqivc2wo2uyijrplvxb6gxrghw42rtt73ty6lknajrssbjvi.ipfs.dweb.link/44.png,https://bafybeihe4owqivc2wo2uyijrplvxb6gxrghw42rtt73ty6lknajrssbjvi.ipfs.dweb.link/44.mp4,https://bafybeihe4owqivc2wo2uyijrplvxb6gxrghw42rtt73ty6lknajrssbjvi.ipfs.dweb.link/M-1-819C1.jpg,101,77,0.04731182796
45,#45  Common Hygiene Products (G24),"Owning a Give Basic Needs NFT is more than just a transaction. It's a heartfelt gesture that helps us make the world a better place, one NFT at a time. By sponsoring a completed project like this one in Mecca, CA, USA (33.56911,-116.07632), you enable us to allocate funds to launch a new initiative, effectively creating a ripple effect of kindness. Your single action multiplies into a sequence of projects that touch lives worldwide! Thank you for your continued support. ðŸ’ŸðŸ’ŸðŸ’Ÿ",ipfs://bafybeihe4owqivc2wo2uyijrplvxb6gxrghw42rtt73ty6lknajrssbjvi/45.png,ipfs://bafybeihe4owqivc2wo2uyijrplvxb6gxrghw42rtt73ty6lknajrssbjvi/45.mp4,https://bafybeidm4idxgesr6pj5w23lq75qdnad7xvsxpilzmawzibedig6yzzx3y.ipfs.dweb.link/45.html,G24,Medical,Hygiene Products,186,1 of 301,USA,Common,Hygiene Products M-1,21-Oct-2023,912,"33.56911,-116.07632",16,#04AC5B,#FFFFFF,#DE3030,https://givebasicneeds.org/events/giving-event-16,"Mecca, CA, USA","https://www.google.com/maps/search/?q=near33.56911,-116.07632,&ll=33.56911,-116.07632&z=17&t=h",16,https://youtu.be/WaZO8dPvhGo,https://bafybeihe4owqivc2wo2uyijrplvxb6gxrghw42rtt73ty6lknajrssbjvi.ipfs.dweb.link/45.png,https://bafybeihe4owqivc2wo2uyijrplvxb6gxrghw42rtt73ty6lknajrssbjvi.ipfs.dweb.link/45.mp4,https://bafybeihe4owqivc2wo2uyijrplvxb6gxrghw42rtt73ty6lknajrssbjvi.ipfs.dweb.link/M-1-819C1.jpg,301,16,0.009831029186
46,#46  Super Rare Borehole (G24),"Owning a Give Basic Needs NFT is more than just a transaction. It's a heartfelt gesture that helps us make the world a better place, one NFT at a time. By sponsoring a completed project like this one in Pulo, Ghana (9.61999,-0.40608), you enable us to allocate funds to launch a new initiative, effectively creating a ripple effect of kindness. Your single action multiplies into a sequence of projects that touch lives worldwide! Thank you for your continued support. ðŸ’ŸðŸ’ŸðŸ’Ÿ",ipfs://bafybeihe4owqivc2wo2uyijrplvxb6gxrghw42rtt73ty6lknajrssbjvi/46.png,ipfs://bafybeihe4owqivc2wo2uyijrplvxb6gxrghw42rtt73ty6lknajrssbjvi/46.mp4,https://bafybeidm4idxgesr6pj5w23lq75qdnad7xvsxpilzmawzibedig6yzzx3y.ipfs.dweb.link/46.html,G24,Food,Borehole,71,1 of 2,Ghana,Super Rare,Borehole F-3,21-Oct-2023,400,"9.61999,-0.40608",0,#FFD633,#FFFFFF,#D3DDE1,https://givebasicneeds.org/events/borehole-project-3,"Pulo, Ghana","https://www.google.com/maps/search/?q=near9.61999,-0.40608,&ll=9.61999,-0.40608&z=17&t=h",2227,https://youtu.be/u488gzjm6YQ,https://bafybeihe4owqivc2wo2uyijrplvxb6gxrghw42rtt73ty6lknajrssbjvi.ipfs.dweb.link/46.png,https://bafybeihe4owqivc2wo2uyijrplvxb6gxrghw42rtt73ty6lknajrssbjvi.ipfs.dweb.link/46.mp4,https://bafybeihe4owqivc2wo2uyijrplvxb6gxrghw42rtt73ty6lknajrssbjvi.ipfs.dweb.link/F-3-7440C.jpg,2,2227,1.368356375
47,#47  Rare Borehole (G24),"Owning a Give Basic Needs NFT is more than just a transaction. It's a heartfelt gesture that helps us make the world a better place, one NFT at a time. By sponsoring a completed project like this one in Pulo, Ghana (9.61999,-0.40608), you enable us to allocate funds to launch a new initiative, effectively creating a ripple effect of kindness. Your single action multiplies into a sequence of projects that touch lives worldwide! Thank you for your continued support. ðŸ’ŸðŸ’ŸðŸ’Ÿ",ipfs://bafybeihe4owqivc2wo2uyijrplvxb6gxrghw42rtt73ty6lknajrssbjvi/47.png,ipfs://bafybeihe4owqivc2wo2uyijrplvxb6gxrghw42rtt73ty6lknajrssbjvi/47.mp4,https://bafybeidm4idxgesr6pj5w23lq75qdnad7xvsxpilzmawzibedig6yzzx3y.ipfs.dweb.link/47.html,G24,Food,Borehole,61,1 of 26,Ghana,Rare,Borehole F-3,21-Oct-2023,400,"9.61999,-0.40608",0,#6D41C4,#FFFFFF,#D3DDE1,https://givebasicneeds.org/events/borehole-project-3,"Pulo, Ghana","https://www.google.com/maps/search/?q=near9.61999,-0.40608,&ll=9.61999,-0.40608&z=17&t=h",112,https://youtu.be/u488gzjm6YQ,https://bafybeihe4owqivc2wo2uyijrplvxb6gxrghw42rtt73ty6lknajrssbjvi.ipfs.dweb.link/47.png,https://bafybeihe4owqivc2wo2uyijrplvxb6gxrghw42rtt73ty6lknajrssbjvi.ipfs.dweb.link/47.mp4,https://bafybeihe4owqivc2wo2uyijrplvxb6gxrghw42rtt73ty6lknajrssbjvi.ipfs.dweb.link/F-3-7440C.jpg,26,112,0.0688172043
48,#48  Uncommon Borehole (G24),"Owning a Give Basic Needs NFT is more than just a transaction. It's a heartfelt gesture that helps us make the world a better place, one NFT at a time. By sponsoring a completed project like this one in Pulo, Ghana (9.61999,-0.40608), you enable us to allocate funds to launch a new initiative, effectively creating a ripple effect of kindness. Your single action multiplies into a sequence of projects that touch lives worldwide! Thank you for your continued support. ðŸ’ŸðŸ’ŸðŸ’Ÿ",ipfs://bafybeihe4owqivc2wo2uyijrplvxb6gxrghw42rtt73ty6lknajrssbjvi/48.png,ipfs://bafybeihe4owqivc2wo2uyijrplvxb6gxrghw42rtt73ty6lknajrssbjvi/48.mp4,https://bafybeidm4idxgesr6pj5w23lq75qdnad7xvsxpilzmawzibedig6yzzx3y.ipfs.dweb.link/48.html,G24,Food,Borehole,51,1 of 101,Ghana,Uncommon,Borehole F-3,21-Oct-2023,400,"9.61999,-0.40608",0,#2C51FF,#FFFFFF,#D3DDE1,https://givebasicneeds.org/events/borehole-project-3,"Pulo, Ghana","https://www.google.com/maps/search/?q=near9.61999,-0.40608,&ll=9.61999,-0.40608&z=17&t=h",28,https://youtu.be/u488gzjm6YQ,https://bafybeihe4owqivc2wo2uyijrplvxb6gxrghw42rtt73ty6lknajrssbjvi.ipfs.dweb.link/48.png,https://bafybeihe4owqivc2wo2uyijrplvxb6gxrghw42rtt73ty6lknajrssbjvi.ipfs.dweb.link/48.mp4,https://bafybeihe4owqivc2wo2uyijrplvxb6gxrghw42rtt73ty6lknajrssbjvi.ipfs.dweb.link/F-3-7440C.jpg,101,28,0.01720430108
49,#49  Common Borehole (G24),"Owning a Give Basic Needs NFT is more than just a transaction. It's a heartfelt gesture that helps us make the world a better place, one NFT at a time. By sponsoring a completed project like this one in Pulo, Ghana (9.61999,-0.40608), you enable us to allocate funds to launch a new initiative, effectively creating a ripple effect of kindness. Your single action multiplies into a sequence of projects that touch lives worldwide! Thank you for your continued support. ðŸ’ŸðŸ’ŸðŸ’Ÿ",ipfs://bafybeihe4owqivc2wo2uyijrplvxb6gxrghw42rtt73ty6lknajrssbjvi/49.png,ipfs://bafybeihe4owqivc2wo2uyijrplvxb6gxrghw42rtt73ty6lknajrssbjvi/49.mp4,https://bafybeidm4idxgesr6pj5w23lq75qdnad7xvsxpilzmawzibedig6yzzx3y.ipfs.dweb.link/49.html,G24,Food,Borehole,41,1 of 301,Ghana,Common,Borehole F-3,21-Oct-2023,400,"9.61999,-0.40608",0,#04AC5B,#FFFFFF,#D3DDE1,https://givebasicneeds.org/events/borehole-project-3,"Pulo, Ghana","https://www.google.com/maps/search/?q=near9.61999,-0.40608,&ll=9.61999,-0.40608&z=17&t=h",6,https://youtu.be/u488gzjm6YQ,https://bafybeihe4owqivc2wo2uyijrplvxb6gxrghw42rtt73ty6lknajrssbjvi.ipfs.dweb.link/49.png,https://bafybeihe4owqivc2wo2uyijrplvxb6gxrghw42rtt73ty6lknajrssbjvi.ipfs.dweb.link/49.mp4,https://bafybeihe4owqivc2wo2uyijrplvxb6gxrghw42rtt73ty6lknajrssbjvi.ipfs.dweb.link/F-3-7440C.jpg,301,6,0.003686635945
50,#50  Super Rare Medical Clinic (G24),"Owning a Give Basic Needs NFT is more than just a transaction. It's a heartfelt gesture that helps us make the world a better place, one NFT at a time. By sponsoring a completed project like this one in Gushegu, Ghana (9.90777,-0.21311), you enable us to allocate funds to launch a new initiative, effectively creating a ripple effect of kindness. Your single action multiplies into a sequence of projects that touch lives worldwide! Thank you for your continued support. ðŸ’ŸðŸ’ŸðŸ’Ÿ",ipfs://bafybeihe4owqivc2wo2uyijrplvxb6gxrghw42rtt73ty6lknajrssbjvi/50.png,ipfs://bafybeihe4owqivc2wo2uyijrplvxb6gxrghw42rtt73ty6lknajrssbjvi/50.mp4,https://bafybeidm4idxgesr6pj5w23lq75qdnad7xvsxpilzmawzibedig6yzzx3y.ipfs.dweb.link/50.html,G24,Medical,Medical Clinic,200,1 of 2,Ghana,Super Rare,Medical Clinic M-2,21-Oct-2023,1000,"9.90777,-0.21311",32,#FFD633,#FFFFFF,#DE3030,https://givebasicneeds.org/events/giving-event-32,"Gushegu, Ghana","https://www.google.com/maps/search/?q=near9.90777,-0.21311,&ll=9.90777,-0.21311&z=17&t=h",3648,https://youtu.be/B1RpQFd7cGM,https://bafybeihe4owqivc2wo2uyijrplvxb6gxrghw42rtt73ty6lknajrssbjvi.ipfs.dweb.link/50.png,https://bafybeihe4owqivc2wo2uyijrplvxb6gxrghw42rtt73ty6lknajrssbjvi.ipfs.dweb.link/50.mp4,https://bafybeihe4owqivc2wo2uyijrplvxb6gxrghw42rtt73ty6lknajrssbjvi.ipfs.dweb.link/M-2-2CF77.jpg,2,3648,2.241474654
51,#51  Rare Medical Clinic (G24),"Owning a Give Basic Needs NFT is more than just a transaction. It's a heartfelt gesture that helps us make the world a better place, one NFT at a time. By sponsoring a completed project like this one in Gushegu, Ghana (9.90777,-0.21311), you enable us to allocate funds to launch a new initiative, effectively creating a ripple effect of kindness. Your single action multiplies into a sequence of projects that touch lives worldwide! Thank you for your continued support. ðŸ’ŸðŸ’ŸðŸ’Ÿ",ipfs://bafybeihe4owqivc2wo2uyijrplvxb6gxrghw42rtt73ty6lknajrssbjvi/51.png,ipfs://bafybeihe4owqivc2wo2uyijrplvxb6gxrghw42rtt73ty6lknajrssbjvi/51.mp4,https://bafybeidm4idxgesr6pj5w23lq75qdnad7xvsxpilzmawzibedig6yzzx3y.ipfs.dweb.link/51.html,G24,Medical,Medical Clinic,190,1 of 26,Ghana,Rare,Medical Clinic M-2,21-Oct-2023,1000,"9.90777,-0.21311",32,#6D41C4,#FFFFFF,#DE3030,https://givebasicneeds.org/events/giving-event-32,"Gushegu, Ghana","https://www.google.com/maps/search/?q=near9.90777,-0.21311,&ll=9.90777,-0.21311&z=17&t=h",183,https://youtu.be/B1RpQFd7cGM,https://bafybeihe4owqivc2wo2uyijrplvxb6gxrghw42rtt73ty6lknajrssbjvi.ipfs.dweb.link/51.png,https://bafybeihe4owqivc2wo2uyijrplvxb6gxrghw42rtt73ty6lknajrssbjvi.ipfs.dweb.link/51.mp4,https://bafybeihe4owqivc2wo2uyijrplvxb6gxrghw42rtt73ty6lknajrssbjvi.ipfs.dweb.link/M-2-2CF77.jpg,26,183,0.1124423963
52,#52  Uncommon Medical Clinic (G24),"Owning a Give Basic Needs NFT is more than just a transaction. It's a heartfelt gesture that helps us make the world a better place, one NFT at a time. By sponsoring a completed project like this one in Gushegu, Ghana (9.90777,-0.21311), you enable us to allocate funds to launch a new initiative, effectively creating a ripple effect of kindness. Your single action multiplies into a sequence of projects that touch lives worldwide! Thank you for your continued support. ðŸ’ŸðŸ’ŸðŸ’Ÿ",ipfs://bafybeihe4owqivc2wo2uyijrplvxb6gxrghw42rtt73ty6lknajrssbjvi/52.png,ipfs://bafybeihe4owqivc2wo2uyijrplvxb6gxrghw42rtt73ty6lknajrssbjvi/52.mp4,https://bafybeidm4idxgesr6pj5w23lq75qdnad7xvsxpilzmawzibedig6yzzx3y.ipfs.dweb.link/52.html,G24,Medical,Medical Clinic,180,1 of 101,Ghana,Uncommon,Medical Clinic M-2,21-Oct-2023,1000,"9.90777,-0.21311",32,#2C51FF,#FFFFFF,#DE3030,https://givebasicneeds.org/events/giving-event-32,"Gushegu, Ghana","https://www.google.com/maps/search/?q=near9.90777,-0.21311,&ll=9.90777,-0.21311&z=17&t=h",46,https://youtu.be/B1RpQFd7cGM,https://bafybeihe4owqivc2wo2uyijrplvxb6gxrghw42rtt73ty6lknajrssbjvi.ipfs.dweb.link/52.png,https://bafybeihe4owqivc2wo2uyijrplvxb6gxrghw42rtt73ty6lknajrssbjvi.ipfs.dweb.link/52.mp4,https://bafybeihe4owqivc2wo2uyijrplvxb6gxrghw42rtt73ty6lknajrssbjvi.ipfs.dweb.link/M-2-2CF77.jpg,101,46,0.02826420891
53,#53  Common Medical Clinic (G24),"Owning a Give Basic Needs NFT is more than just a transaction. It's a heartfelt gesture that helps us make the world a better place, one NFT at a time. By sponsoring a completed project like this one in Gushegu, Ghana (9.90777,-0.21311), you enable us to allocate funds to launch a new initiative, effectively creating a ripple effect of kindness. Your single action multiplies into a sequence of projects that touch lives worldwide! Thank you for your continued support. ðŸ’ŸðŸ’ŸðŸ’Ÿ",ipfs://bafybeihe4owqivc2wo2uyijrplvxb6gxrghw42rtt73ty6lknajrssbjvi/53.png,ipfs://bafybeihe4owqivc2wo2uyijrplvxb6gxrghw42rtt73ty6lknajrssbjvi/53.mp4,https://bafybeidm4idxgesr6pj5w23lq75qdnad7xvsxpilzmawzibedig6yzzx3y.ipfs.dweb.link/53.html,G24,Medical,Medical Clinic,170,1 of 301,Ghana,Common,Medical Clinic M-2,21-Oct-2023,1000,"9.90777,-0.21311",32,#04AC5B,#FFFFFF,#DE3030,https://givebasicneeds.org/events/giving-event-32,"Gushegu, Ghana","https://www.google.com/maps/search/?q=near9.90777,-0.21311,&ll=9.90777,-0.21311&z=17&t=h",10,https://youtu.be/B1RpQFd7cGM,https://bafybeihe4owqivc2wo2uyijrplvxb6gxrghw42rtt73ty6lknajrssbjvi.ipfs.dweb.link/53.png,https://bafybeihe4owqivc2wo2uyijrplvxb6gxrghw42rtt73ty6lknajrssbjvi.ipfs.dweb.link/53.mp4,https://bafybeihe4owqivc2wo2uyijrplvxb6gxrghw42rtt73ty6lknajrssbjvi.ipfs.dweb.link/M-2-2CF77.jpg,301,10,0.006144393241
54,#54  Super Rare Rental Assistance (G24),"Owning a Give Basic Needs NFT is more than just a transaction. It's a heartfelt gesture that helps us make the world a better place, one NFT at a time. By sponsoring a completed project like this one in Eugene, OR, USA (44.10078,-123.12601), you enable us to allocate funds to launch a new initiative, effectively creating a ripple effect of kindness. Your single action multiplies into a sequence of projects that touch lives worldwide! Thank you for your continued support. ðŸ’ŸðŸ’ŸðŸ’Ÿ",ipfs://bafybeihe4owqivc2wo2uyijrplvxb6gxrghw42rtt73ty6lknajrssbjvi/54.png,ipfs://bafybeihe4owqivc2wo2uyijrplvxb6gxrghw42rtt73ty6lknajrssbjvi/54.mp4,https://bafybeidm4idxgesr6pj5w23lq75qdnad7xvsxpilzmawzibedig6yzzx3y.ipfs.dweb.link/54.html,G24,Shelter,Rental Assistance,44,1 of 2,USA,Super Rare,Rental Assistance S-1,21-Oct-2023,40,"44.10078,-123.12601",0,#FFD633,#FFFFFF,#49DAC3,https://givebasicneeds.org/events/giving-event-40-gifted,"Eugene, OR, USA","https://www.google.com/maps/search/?q=near44.10078,-123.12601,&ll=44.10078,-123.12601&z=17&t=h",2000,https://youtu.be/6YNyjSE43Fo,https://bafybeihe4owqivc2wo2uyijrplvxb6gxrghw42rtt73ty6lknajrssbjvi.ipfs.dweb.link/54.png,https://bafybeihe4owqivc2wo2uyijrplvxb6gxrghw42rtt73ty6lknajrssbjvi.ipfs.dweb.link/54.mp4,https://bafybeihe4owqivc2wo2uyijrplvxb6gxrghw42rtt73ty6lknajrssbjvi.ipfs.dweb.link/S-1-05600.jpg,2,2000,1.228878648
55,#55  Rare Rental Assistance (G24),"Owning a Give Basic Needs NFT is more than just a transaction. It's a heartfelt gesture that helps us make the world a better place, one NFT at a time. By sponsoring a completed project like this one in Eugene, OR, USA (44.10078,-123.12601), you enable us to allocate funds to launch a new initiative, effectively creating a ripple effect of kindness. Your single action multiplies into a sequence of projects that touch lives worldwide! Thank you for your continued support. ðŸ’ŸðŸ’ŸðŸ’Ÿ",ipfs://bafybeihe4owqivc2wo2uyijrplvxb6gxrghw42rtt73ty6lknajrssbjvi/55.png,ipfs://bafybeihe4owqivc2wo2uyijrplvxb6gxrghw42rtt73ty6lknajrssbjvi/55.mp4,https://bafybeidm4idxgesr6pj5w23lq75qdnad7xvsxpilzmawzibedig6yzzx3y.ipfs.dweb.link/55.html,G24,Shelter,Rental Assistance,34,1 of 26,USA,Rare,Rental Assistance S-1,21-Oct-2023,40,"44.10078,-123.12601",0,#6D41C4,#FFFFFF,#49DAC3,https://givebasicneeds.org/events/giving-event-40-gifted,"Eugene, OR, USA","https://www.google.com/maps/search/?q=near44.10078,-123.12601,&ll=44.10078,-123.12601&z=17&t=h",100,https://youtu.be/6YNyjSE43Fo,https://bafybeihe4owqivc2wo2uyijrplvxb6gxrghw42rtt73ty6lknajrssbjvi.ipfs.dweb.link/55.png,https://bafybeihe4owqivc2wo2uyijrplvxb6gxrghw42rtt73ty6lknajrssbjvi.ipfs.dweb.link/55.mp4,https://bafybeihe4owqivc2wo2uyijrplvxb6gxrghw42rtt73ty6lknajrssbjvi.ipfs.dweb.link/S-1-05600.jpg,26,100,0.06144393241
56,#56  Uncommon Rental Assistance (G24),"Owning a Give Basic Needs NFT is more than just a transaction. It's a heartfelt gesture that helps us make the world a better place, one NFT at a time. By sponsoring a completed project like this one in Eugene, OR, USA (44.10078,-123.12601), you enable us to allocate funds to launch a new initiative, effectively creating a ripple effect of kindness. Your single action multiplies into a sequence of projects that touch lives worldwide! Thank you for your continued support. ðŸ’ŸðŸ’ŸðŸ’Ÿ",ipfs://bafybeihe4owqivc2wo2uyijrplvxb6gxrghw42rtt73ty6lknajrssbjvi/56.png,ipfs://bafybeihe4owqivc2wo2uyijrplvxb6gxrghw42rtt73ty6lknajrssbjvi/56.mp4,https://bafybeidm4idxgesr6pj5w23lq75qdnad7xvsxpilzmawzibedig6yzzx3y.ipfs.dweb.link/56.html,G24,Shelter,Rental Assistance,24,1 of 101,USA,Uncommon,Rental Assistance S-1,21-Oct-2023,40,"44.10078,-123.12601",0,#2C51FF,#FFFFFF,#49DAC3,https://givebasicneeds.org/events/giving-event-40-gifted,"Eugene, OR, USA","https://www.google.com/maps/search/?q=near44.10078,-123.12601,&ll=44.10078,-123.12601&z=17&t=h",25,https://youtu.be/6YNyjSE43Fo,https://bafybeihe4owqivc2wo2uyijrplvxb6gxrghw42rtt73ty6lknajrssbjvi.ipfs.dweb.link/56.png,https://bafybeihe4owqivc2wo2uyijrplvxb6gxrghw42rtt73ty6lknajrssbjvi.ipfs.dweb.link/56.mp4,https://bafybeihe4owqivc2wo2uyijrplvxb6gxrghw42rtt73ty6lknajrssbjvi.ipfs.dweb.link/S-1-05600.jpg,101,25,0.0153609831
57,#57  Common Rental Assistance (G24),"Owning a Give Basic Needs NFT is more than just a transaction. It's a heartfelt gesture that helps us make the world a better place, one NFT at a time. By sponsoring a completed project like this one in Eugene, OR, USA (44.10078,-123.12601), you enable us to allocate funds to launch a new initiative, effectively creating a ripple effect of kindness. Your single action multiplies into a sequence of projects that touch lives worldwide! Thank you for your continued support. ðŸ’ŸðŸ’ŸðŸ’Ÿ",ipfs://bafybeihe4owqivc2wo2uyijrplvxb6gxrghw42rtt73ty6lknajrssbjvi/57.png,ipfs://bafybeihe4owqivc2wo2uyijrplvxb6gxrghw42rtt73ty6lknajrssbjvi/57.mp4,https://bafybeidm4idxgesr6pj5w23lq75qdnad7xvsxpilzmawzibedig6yzzx3y.ipfs.dweb.link/57.html,G24,Shelter,Rental Assistance,14,1 of 301,USA,Common,Rental Assistance S-1,21-Oct-2023,40,"44.10078,-123.12601",0,#04AC5B,#FFFFFF,#49DAC3,https://givebasicneeds.org/events/giving-event-40-gifted,"Eugene, OR, USA","https://www.google.com/maps/search/?q=near44.10078,-123.12601,&ll=44.10078,-123.12601&z=17&t=h",5,https://youtu.be/6YNyjSE43Fo,https://bafybeihe4owqivc2wo2uyijrplvxb6gxrghw42rtt73ty6lknajrssbjvi.ipfs.dweb.link/57.png,https://bafybeihe4owqivc2wo2uyijrplvxb6gxrghw42rtt73ty6lknajrssbjvi.ipfs.dweb.link/57.mp4,https://bafybeihe4owqivc2wo2uyijrplvxb6gxrghw42rtt73ty6lknajrssbjvi.ipfs.dweb.link/S-1-05600.jpg,301,5,0.003072196621
58,#58  Super Rare Borehole (G24),"Owning a Give Basic Needs NFT is more than just a transaction. It's a heartfelt gesture that helps us make the world a better place, one NFT at a time. By sponsoring a completed project like this one in Dekpunga, Ghana (10.09932,-0.09609), you enable us to allocate funds to launch a new initiative, effectively creating a ripple effect of kindness. Your single action multiplies into a sequence of projects that touch lives worldwide! Thank you for your continued support. ðŸ’ŸðŸ’ŸðŸ’Ÿ",ipfs://bafybeihe4owqivc2wo2uyijrplvxb6gxrghw42rtt73ty6lknajrssbjvi/58.png,ipfs://bafybeihe4owqivc2wo2uyijrplvxb6gxrghw42rtt73ty6lknajrssbjvi/58.mp4,https://bafybeidm4idxgesr6pj5w23lq75qdnad7xvsxpilzmawzibedig6yzzx3y.ipfs.dweb.link/58.html,G24,Food,Borehole,145,1 of 2,Ghana,Super Rare,Borehole F-1,21-Oct-2023,700,"10.09932,-0.09609",0,#FFD633,#FFFFFF,#D3DDE1,https://givebasicneeds.org/events/borehole-project-1,"Dekpunga, Ghana","https://www.google.com/maps/search/?q=near10.09932,-0.09609,&ll=10.09932,-0.09609&z=17&t=h",3532,https://youtu.be/u488gzjm6YQ,https://bafybeihe4owqivc2wo2uyijrplvxb6gxrghw42rtt73ty6lknajrssbjvi.ipfs.dweb.link/58.png,https://bafybeihe4owqivc2wo2uyijrplvxb6gxrghw42rtt73ty6lknajrssbjvi.ipfs.dweb.link/58.mp4,https://bafybeihe4owqivc2wo2uyijrplvxb6gxrghw42rtt73ty6lknajrssbjvi.ipfs.dweb.link/F-1-B4DEB.jpg,2,3532,2.170199693
59,#59  Rare Borehole (G24),"Owning a Give Basic Needs NFT is more than just a transaction. It's a heartfelt gesture that helps us make the world a better place, one NFT at a time. By sponsoring a completed project like this one in Dekpunga, Ghana (10.09932,-0.09609), you enable us to allocate funds to launch a new initiative, effectively creating a ripple effect of kindness. Your single action multiplies into a sequence of projects that touch lives worldwide! Thank you for your continued support. ðŸ’ŸðŸ’ŸðŸ’Ÿ",ipfs://bafybeihe4owqivc2wo2uyijrplvxb6gxrghw42rtt73ty6lknajrssbjvi/59.png,ipfs://bafybeihe4owqivc2wo2uyijrplvxb6gxrghw42rtt73ty6lknajrssbjvi/59.mp4,https://bafybeidm4idxgesr6pj5w23lq75qdnad7xvsxpilzmawzibedig6yzzx3y.ipfs.dweb.link/59.html,G24,Food,Borehole,135,1 of 26,Ghana,Rare,Borehole F-1,21-Oct-2023,700,"10.09932,-0.09609",0,#6D41C4,#FFFFFF,#D3DDE1,https://givebasicneeds.org/events/borehole-project-1,"Dekpunga, Ghana","https://www.google.com/maps/search/?q=near10.09932,-0.09609,&ll=10.09932,-0.09609&z=17&t=h",177,https://youtu.be/u488gzjm6YQ,https://bafybeihe4owqivc2wo2uyijrplvxb6gxrghw42rtt73ty6lknajrssbjvi.ipfs.dweb.link/59.png,https://bafybeihe4owqivc2wo2uyijrplvxb6gxrghw42rtt73ty6lknajrssbjvi.ipfs.dweb.link/59.mp4,https://bafybeihe4owqivc2wo2uyijrplvxb6gxrghw42rtt73ty6lknajrssbjvi.ipfs.dweb.link/F-1-B4DEB.jpg,26,177,0.1087557604
60,#60  Uncommon Borehole (G24),"Owning a Give Basic Needs NFT is more than just a transaction. It's a heartfelt gesture that helps us make the world a better place, one NFT at a time. By sponsoring a completed project like this one in Dekpunga, Ghana (10.09932,-0.09609), you enable us to allocate funds to launch a new initiative, effectively creating a ripple effect of kindness. Your single action multiplies into a sequence of projects that touch lives worldwide! Thank you for your continued support. ðŸ’ŸðŸ’ŸðŸ’Ÿ",ipfs://bafybeihe4owqivc2wo2uyijrplvxb6gxrghw42rtt73ty6lknajrssbjvi/60.png,ipfs://bafybeihe4owqivc2wo2uyijrplvxb6gxrghw42rtt73ty6lknajrssbjvi/60.mp4,https://bafybeidm4idxgesr6pj5w23lq75qdnad7xvsxpilzmawzibedig6yzzx3y.ipfs.dweb.link/60.html,G24,Food,Borehole,125,1 of 101,Ghana,Uncommon,Borehole F-1,21-Oct-2023,700,"10.09932,-0.09609",0,#2C51FF,#FFFFFF,#D3DDE1,https://givebasicneeds.org/events/borehole-project-1,"Dekpunga, Ghana","https://www.google.com/maps/search/?q=near10.09932,-0.09609,&ll=10.09932,-0.09609&z=17&t=h",45,https://youtu.be/u488gzjm6YQ,https://bafybeihe4owqivc2wo2uyijrplvxb6gxrghw42rtt73ty6lknajrssbjvi.ipfs.dweb.link/60.png,https://bafybeihe4owqivc2wo2uyijrplvxb6gxrghw42rtt73ty6lknajrssbjvi.ipfs.dweb.link/60.mp4,https://bafybeihe4owqivc2wo2uyijrplvxb6gxrghw42rtt73ty6lknajrssbjvi.ipfs.dweb.link/F-1-B4DEB.jpg,101,45,0.02764976959
61,#61  Common Borehole (G24),"Owning a Give Basic Needs NFT is more than just a transaction. It's a heartfelt gesture that helps us make the world a better place, one NFT at a time. By sponsoring a completed project like this one in Dekpunga, Ghana (10.09932,-0.09609), you enable us to allocate funds to launch a new initiative, effectively creating a ripple effect of kindness. Your single action multiplies into a sequence of projects that touch lives worldwide! Thank you for your continued support. ðŸ’ŸðŸ’ŸðŸ’Ÿ",ipfs://bafybeihe4owqivc2wo2uyijrplvxb6gxrghw42rtt73ty6lknajrssbjvi/61.png,ipfs://bafybeihe4owqivc2wo2uyijrplvxb6gxrghw42rtt73ty6lknajrssbjvi/61.mp4,https://bafybeidm4idxgesr6pj5w23lq75qdnad7xvsxpilzmawzibedig6yzzx3y.ipfs.dweb.link/61.html,G24,Food,Borehole,115,1 of 301,Ghana,Common,Borehole F-1,21-Oct-2023,700,"10.09932,-0.09609",0,#04AC5B,#FFFFFF,#D3DDE1,https://givebasicneeds.org/events/borehole-project-1,"Dekpunga, Ghana","https://www.google.com/maps/search/?q=near10.09932,-0.09609,&ll=10.09932,-0.09609&z=17&t=h",9,https://youtu.be/u488gzjm6YQ,https://bafybeihe4owqivc2wo2uyijrplvxb6gxrghw42rtt73ty6lknajrssbjvi.ipfs.dweb.link/61.png,https://bafybeihe4owqivc2wo2uyijrplvxb6gxrghw42rtt73ty6lknajrssbjvi.ipfs.dweb.link/61.mp4,https://bafybeihe4owqivc2wo2uyijrplvxb6gxrghw42rtt73ty6lknajrssbjvi.ipfs.dweb.link/F-1-B4DEB.jpg,301,9,0.005529953917